Workbook

Sheet Guide & Settings
B1: FAMILY WORLD CHAMPIONSHIP — START HERE
B2: Everything you need to understand this tracker, in plain English. If you read only this page, you’ll understand every number in the whole document.
B3: Tabs read left → right: Guide · Leaders · Dashboard · Player Card · Head-to-Head · Sport Records · Records & Awards · Trends & Stats · Match Log · Sport Voting · Poker Stake Ledger.
B5: WHAT IS THIS?
B6: A living scoreboard for our family games. Log who played and who won in the Match Log, and every other tab updates itself — rankings, head-to-heads, records, heat maps and storylines.
B8: THE ONE NUMBER THAT MATTERS — “FWC RATING”
B9: Everyone starts on 1000. Win and it rises; lose and it falls. Beating a strong player is worth more than beating a weak one (it’s an “Elo” rating, like chess). The title goes to the highest-rated ELIGIBLE and ACTIVE player — not whoever has the most wins.
B11: HOW TO ADD A GAME
B12: 1. Go to the Match Log tab — the only place you type.
B13: 2. Add ONE ROW PER PLAYER. A 1-v-1 is 2 rows; a 4-player game is 4 rows. Everyone in the same game shares the same Game ID.
B14: 3. Fill ONLY the yellow columns: Game ID, Date, Sport, Player, Result. One “Win” per game, everyone else “Loss”. For a doubles game, mark both winners “Win” and both losers “Loss”; the Check column then reads OK (team).
B15: 4. The grey columns calculate themselves and are locked. Every other tab updates instantly.
B17: WHAT EACH TAB SHOWS
B18: Leaders | D18: the current champion, the past champions (Roll of Honour) and the top player in every sport.
B19: Dashboard | D19: the full live standings, ranked by Adjusted Rating, with win %, form, streaks, movement and activity.
B20: Player Card | D20: pick any player to see their whole story — rating, rank, tier, form, activity and a sport-by-sport breakdown.
B21: Head-to-Head | D21: how each player fares directly against every other (win % in decided games, and games played together).
B22: Sport Records | D22: games, wins, win %, champion and sport-rating for every player in every sport.
B23: Records & Awards | D23: the biggest upsets, all-time records, and the season’s honours (Giant Killer, Iron Man, On Fire…).
B24: Trends & Stats | D24: the live storylines, the title race, the sport ladder, and colour heat maps for form and sport mastery.
B25: Match Log | D25: the raw record of every game — the only tab you type into.
B26: Sport Voting | D26: propose new sports or vote to remove existing ones.
B28: HOW A RATING MOVES
B29: Each game, your rating change = Skill Pts + Form Pts + Arena Pts:
B30: • Skill Pts — the main Elo swing. Win = gain, lose = drop; more for beating a favourite, less for beating an underdog.
B31: • Form Pts — a bonus or penalty for beating (or falling short of) your expected odds in that game.
B32: • Arena Pts — a small reward for turning up to group games (3+ players). The bigger the field, the more.
B34: SPORT-SPECIFIC (“BLENDED”) RATING
B35: Your predicted chance in a game is not just your overall rating. The engine also tracks how good you are at THAT sport and blends the two. The more you play a sport (about 5 games), the more your sport-specific skill takes over. So someone great overall but weak at FIFA stops being the favourite once they have a FIFA record.
B37: BECOMING CHAMPION — THE ANTI-FLUKE RULE
B38: To be crowned (Status = “Eligible”) you must have played at least 8 GAMES across at least 3 different SPORTS. Until then your Status shows “Provisional”. You must also be ACTIVE (see the Inactivity Rule). This stops a short hot streak stealing the title.
B40: ADJUSTABLE SETTINGS · change these by family vote
B41: Base Rating | C41: 1000 | D41: Everyone starts here.
B42: K-Factor (skill) | C42: 32 | D42: Size of the skill (Elo) swing. Higher = more volatile ratings.
B43: Form Weight | C43: 12 | D43: Multiplier for beating your field-adjusted odds. 0 turns Form off.
B44: Arena Weight | C44: 1 | D44: Multiplier for showing up to 3+ player games. 0 turns Arena off.
B45: Min Games to qualify | C45: 8 | D45: Games you must play before you can be crowned champion.
B46: Min Sports to qualify | C46: 3 | D46: Different sports you must play before you can be crowned champion.
B47: Idle warning (weeks) | C47: 2 | D47: Weeks idle before you’re flagged ⚠ At Risk (a warning only — no penalty yet).
B48: Idle penalty (weeks) | C48: 4 | D48: Weeks idle before the points penalty starts AND you lose the live crown until you play.
B49: Idle decay (points/week) | C49: 10 | D49: Points removed every week once the penalty has started. There is NO cap — it keeps going until you play.
B50: Rule change date | C50: 46209 | D50: Idle gaps that ended before this date are not back-charged. Current idle time counts in full.
B51: TIERS · driven by your ATHLETE INDEX (not just your rank)
B52: Your tier comes from an Athlete Index (0–100) — a blend of five things, so “Elite” means strong across the board, not one lucky number:
B53: • Skill 35% (your rating & who you beat) • Win rate 20% • Versatility 20% (how many sports you play AND are good at) • Form 15% (recent results) • Strength of schedule 10%
B54: 🥇 Elite = Index 72+ · 🥈 Strong = 58–71 · 🥉 Mid = 44–57 · 🌱 Developing = under 44
B55: Top-tier gate: to be Elite or Strong you must also have played 8+ games across 3+ sports. Under 5 games (or only 1 sport) = “Unranked” until you’ve played more. See your own breakdown on the Player Card.
B57: THE INACTIVITY RULE · use it or lose it
B58: Idle time runs on the real calendar. It ticks over whether or not anyone else is playing, because anyone can organise a game at any time, so a quiet stretch counts against everybody sitting in it.
B59: • Under 2 weeks since your last game → Active. All good.
B60: • At 2 weeks idle → flagged ⚠ At Risk on the Dashboard. A warning only, no penalty. Go get a game in.
B61: • At 4.0 weeks idle → the hammer drops INSTANTLY: 10 rating points gone the moment your personal idle timer ticks over to 4.0, and you cannot hold the live Champion crown until you play again.
B62: • Another 10 points comes off the instant you hit 5.0 weeks, 6.0 weeks, and so on. There is NO maximum. The timer is individual (it runs from YOUR last game) and it follows the real calendar: it ticks over whether or not anyone else plays, and updates every time the tracker is opened.
B63: • Lost points are GONE FOR GOOD. Playing again stops the slide immediately and restarts your 2-week clock, but it does NOT refund the points you already lost.
... B69: GLOSSARY · every term & column, plain English
B70: FWC Rating | D70: your overall skill score across all sports. Everyone starts at 1000; win and it rises, lose and it falls.
B71: Adjusted (Adj.) Rating | D71: your FWC Rating after any inactivity penalties are taken off. The live standings and the Champion are decided on THIS number.
B72: Penalty | D72: total rating points you have lost through inactivity. Permanent — they do not come back when you return.
B73: Elo | D73: the rating method (from chess): beating a strong player earns more than beating a weak one.
B74: Expected Win % | D74: your predicted chance of winning a given game, based mostly on your record in that sport.
B75: Skill Pts | D75: the main rating swing each game — win = gain, lose = drop; more for beating a favourite.
B76: Form Pts | D76: a bonus or penalty for beating (or missing) your expected odds in that game.
B77: Arena Pts | D77: a small reward for turning up to group games (3+ players); the bigger the field, the more.
B78: Rating Before / After | D78: your rating immediately before and after a game (shown on the Match Log).
B79: SoS (Strength of Schedule) | D79: the average rating of the opponents you have faced. Higher = a tougher run.
B80: Streak | D80: your current run — W3 = three wins in a row; L2 = two losses in a row.
B81: Form (last 5 / last 10) | D81: your most recent results, oldest → newest (e.g. WWLWL). The Form Heat Map on Trends shows the last 10 in green/red.
... B94: Roll of Honour / Wooden Spoon | D94: the list of past champions (on the Leaders tab); the Wooden Spoon is the last-placed player each year.
B96: Questions or want to change a rule? Anything in the Settings block above can be changed by a family vote.
B98: SEASON ROLLOVER · locked in by committee (6 July 2026)
B99: • The season ends 31 December. In the final days of December the season is wrapped up: a full year-in-review is written, final standings and the Roll of Honour are locked, and this document is archived.
B100: • On 1 January 2027 a BRAND NEW tracker document starts the season: overall ratings reset to 1000, every athlete carries over their final Sport Ratings, and the Roll of Honour crowns the outgoing champion.
B101: • Provisional K-Factor from 2027: your first 10 games each season swing at K=48 instead of 32, so you settle to your true level fast. From game 11 you use the standard K.
B103: RULE CHANGES — COMMITTEE VOTE, 7 JULY 2026
B104: ARENA AMENDMENT (backdated to Game 1): every player in a group game (3+ players) receives the SAME Arena Pts — field size × Arena Weight. The winner no longer receives double. Arena Pts reward turning up, not winning; wins are already rewarded through Skill and Form Pts. All historical ratings have been recalculated under this rule.
B105: POKER STAKE LEDGER (monthly poker): the poker night logs in the Match Log as a normal game (winner = Win) AND settles a points stake on the Poker Stake Ledger tab. Flat stake 15 points, one optional rebuy (15 more), minimum 4 players, maximum 10. The pot pays every finishing place on a percentage ladder — see the ledger tab.
B106: Stake Pts are zero-sum (the family's total points never change) and are INCLUDED in the FWC Rating shown on the Dashboard - a poker night moves the same headline number as any other game. Adjusted Rating additionally subtracts idle penalties. The Dashboard's Stake Pts column shows each athlete's running poker stake total.
B107: Poker night needs 4+ players. With 3 or fewer there is NO poker game — not even a Match Log entry.

Sheet FWC Weekly
A1: 🏆 T H E F W C W E E K L Y
A2: THE MONDAY WRAP · with Macca and Robbo · Week ending Monday 6 July 2026
A3: YOUR HOSTS. Trent 'Macca' Maclean, thirty years in the box and a former champion himself, the biggest voice in the game and never short of a bold call. Dr Rob 'Robbo' Sinclair, ex elite competitor turned analyst, builds his own ratings models and lives for the number nobody else spotted.
A6: COLD OPEN
A7: MACCA | B7: Righto, welcome back to the Wrap. Mate, thirty years I've been doing this and I don't think I've ever read a stat sheet like this one. Nine games for the week. And Shawn played... all nine of them?
A8: ROBBO | B8: All nine. Him, Oscar and the Ferret were the only three who turned up, and Shawn didn't sit out a single game. Went three and six.
A9: MACCA | B9: Three and six. Woof.
A10: ROBBO | B10: Yeah, but hang on, because I reckon it's quietly the best week he's had all year. I'm serious. Let me get there.
A12: THE TITLE RACE
A13: MACCA | B13: Alright, ladder. Dean B still on top, eleven eighty nine. Josh behind him, then Aaron. None of them played. Again.
A14: ROBBO | B14: Not a game between them. The whole podium had the weekend off, so the only bloke actually moving is Oscar. Goes four and two, jumps Simon into fourth. Eleven oh eight.
A15: MACCA | B15: And Simon loses his spot sitting on the couch. That'd sting.
A16: ROBBO | B16: That's the format, mate. And look, Dean B hasn't played since the sixteenth of June. Nearly three weeks. You can't defend a title from the recliner forever.
A18: THE FORM DESK
A19: MACCA | B19: Who's hot, who's not.
A20: ROBBO | B20: Oscar was red hot, right up until about two o'clock Sunday. Belts Shawn four straight on the Saturday, the Kart sweep plus a Party win, then Shawn drags him to the table tennis table and does him twice. Big ones too. Plus twenty five and plus twenty two.
A21: MACCA | B21: So Oscar wins the week and still goes home filthy.
A22: ROBBO | B22: Four and two but he finishes on two losses, yeah. And spare a thought for Aaron. Five wins on the trot and nowhere to spend them. Streaks don't keep, Macca. You've got to feed them.
A24: RIVALRY CORNER
A25: MACCA | B25: Six games in two days, Oscar and Shawn. Talk to me.
A26: ROBBO | B26: Saturday it's four nil Oscar and it's getting ugly. The all time ledger's out to eleven wins to three his way at that point. Then Sunday, table tennis, and the whole thing flips. Shawn wins both and suddenly it's a different conversation.
A27: MACCA | B27: One arena. Every rivalry's got one.
A28: ROBBO | B28: That's his. And the Ferret stuff, mate, where do I even start. Twenty two games those two have played against each other now. Twenty two! Nobody else is close. Three more at Mario Party on Sunday, Ferret takes two...
A29: MACCA | B29: But.
A30: ROBBO | B30: But the one Shawn won. Twenty three per cent chance. Hold that thought, because it's basically the whole show.
A32: THE NUMBERS NOBODY IS TALKING ABOUT
A33: MACCA | B33: Go on then. Stat of the week.
A34: ROBBO | B34: Game one twenty two. Shawn over the Ferret at Mario Party, twenty three per cent win chance. Second biggest upset we've ever recorded. The only one bigger is the Ferret's own twenty percenter at FIFA back in May. So the giant killer just copped one himself.
A35: MACCA | B35: Ha! There's something beautiful about that.
A36: ROBBO | B36: There's more. Shawn's rating tonight, after forty six games, carrying the hardest draw anyone's had... one thousand. Point one. Back to the exact number we all started on.
A37: MACCA | B37: Sea level.
A38: ROBBO | B38: Sea level. Two months of getting flogged by the toughest schedule in the comp and he's dead level par. I love it. Oh, and one more. Dean B's athlete index is ninety seven point three. Next best is ten points back. The bloke's a machine. When he plays.
A39: MACCA | B39: When.
A41: WHAT WE ARE WATCHING NEXT
A42: MACCA | B42: Next week?
A43: ROBBO | B43: The rust line. Simon, Beau, Chase, David, Cody, Dean M, Dylan A. All of them tick past three weeks idle this coming weekend if they don't get a game in. The comp doesn't pay you to sit still.
A44: MACCA | B44: And the champ's nearly in the same boat.
A45: ROBBO | B45: One more quiet weekend, yeah. Aaron needs one game, any game, to keep the streak breathing. And I want the Oscar table tennis rematch. He'll be spewing about Sunday.
A46: MACCA | B46: He won't let that sit. No chance.
A47: ROBBO | B47: Book it.
A49: THE SIGN OFF
A50: MACCA | B50: That's the Wrap. Shawn played everything, Oscar's in the four, and the podium watched it all from the couch. The numbers don't take weekends off, gents, even if you lot do.
A51: ROBBO | B51: Play more, play smart. See you Monday.
A52: MACCA | B52: Same chairs, fresh numbers. Cheers all.

Sheet Leaders
A1: FWC LEADERS
A2: The current leader (top eligible player) and the leader of every sport — updates live as games are logged. ℹ Every column & rule is explained on the Guide & Settings tab.
A4: CURRENT LEADER
A5: ='Sport Records'!$C$4 -> Josh
A6: ="FWC rating "&TEXT(IFERROR(INDEX(Calcs!$S$7:$S$20,MATCH('Sport Records'!$C$4,Calcs!$A$7:$A$20,0)),0),"0")&" | "&COUNTIFS('Match Log'!$D$4:$D$1510,'Sport Records'!$C$4,'Match Log'!$E$4:$E$1510,"Win")&" wins, "&(COUNTIF('Match Log'!$D$4:$D$1510,'Sport Records'!$C$4)-COUNTIFS('Match Log'!$D$4:$D$1510,'Sport Records'!$C$4,'Match Log'!$E$4:$E$1510,"Win"))&" losses"&" | highest-rated eligible and active player" -> FWC rating 1274 | 40 wins, 25 losses | highest-rated eligible and active player
A8: SPORT LEADERS · top-rated player in each sport (record shown is in that sport)
A9: Sport | B9: Leader | C9: Sport rating | D9: Record (W–L) | E9: Games
A10: =IF(Lists!$C$2="","",Lists!$C$2) -> Chess | B10: =IFERROR('Sport Records'!$P$106,"—") -> Shawn | C10: =IF(OR($B10="—",$B10=""),"",ROUND(MAX('Sport Records'!$B$106:$O$106),0)) -> 1093 | D10: =IF(OR($B10="—",$B10=""),"—",COUNTIFS('Match Log'!$D$4:$D$1510,$B10,'Match Log'!$C$4:$C$1510,$A10,'Match Log'!$E$4:$E$1510,"Win")&"–"&(COUNTIFS('Match Log'!$D$4:$D$1510,$B10,'Match Log'!$C$4:$C$1510,$A10)-COUNTIFS('Match Log'!$D$4:$D$1510,$B10,'Match Log'!$C$4:$C$1510,$A10,'Match Log'!$E$4:$E$1510,"Win"))) -> 7–0 | E10: =IFERROR('Sport Records'!$P$8,0) -> 8 | G10: ROLL OF HONOUR
A11: =IF(Lists!$C$3="","",Lists!$C$3) -> Darts | B11: =IFERROR('Sport Records'!$P$107,"—") -> Aaron | C11: =IF(OR($B11="—",$B11=""),"",ROUND(MAX('Sport Records'!$B$107:$O$107),0)) -> 1046 | D11: =IF(OR($B11="—",$B11=""),"—",COUNTIFS('Match Log'!$D$4:$D$1510,$B11,'Match Log'!$C$4:$C$1510,$A11,'Match Log'!$E$4:$E$1510,"Win")&"–"&(COUNTIFS('Match Log'!$D$4:$D$1510,$B11,'Match Log'!$C$4:$C$1510,$A11)-COUNTIFS('Match Log'!$D$4:$D$1510,$B11,'Match Log'!$C$4:$C$1510,$A11,'Match Log'!$E$4:$E$1510,"Win"))) -> 5–4 | E11: =IFERROR('Sport Records'!$P$9,0) -> 20 | G11: Family World Champions since 2019
A12: =IF(Lists!$C$4="","",Lists!$C$4) -> FIFA | B12: =IFERROR('Sport Records'!$P$108,"—") -> Aaron | C12: =IF(OR($B12="—",$B12=""),"",ROUND(MAX('Sport Records'!$B$108:$O$108),0)) -> 1099 | D12: =IF(OR($B12="—",$B12=""),"—",COUNTIFS('Match Log'!$D$4:$D$1510,$B12,'Match Log'!$C$4:$C$1510,$A12,'Match Log'!$E$4:$E$1510,"Win")&"–"&(COUNTIFS('Match Log'!$D$4:$D$1510,$B12,'Match Log'!$C$4:$C$1510,$A12)-COUNTIFS('Match Log'!$D$4:$D$1510,$B12,'Match Log'!$C$4:$C$1510,$A12,'Match Log'!$E$4:$E$1510,"Win"))) -> 11–3 | E12: =IFERROR('Sport Records'!$P$10,0) -> 31
A13: =IF(Lists!$C$5="","",Lists!$C$5) -> Golf | B13: =IFERROR('Sport Records'!$P$109,"—") -> Shawn | C13: =IF(OR($B13="—",$B13=""),"",ROUND(MAX('Sport Records'!$B$109:$O$109),0)) -> 1016 | D13: =IF(OR($B13="—",$B13=""),"—",COUNTIFS('Match Log'!$D$4:$D$1510,$B13,'Match Log'!$C$4:$C$1510,$A13,'Match Log'!$E$4:$E$1510,"Win")&"–"&(COUNTIFS('Match Log'!$D$4:$D$1510,$B13,'Match Log'!$C$4:$C$1510,$A13)-COUNTIFS('Match Log'!$D$4:$D$1510,$B13,'Match Log'!$C$4:$C$1510,$A13,'Match Log'!$E$4:$E$1510,"Win"))) -> 1–0 | E13: =IFERROR('Sport Records'!$P$11,0) -> 1 | G13: Year | H13: Champion | I13: Wooden Spoon
A14: =IF(Lists!$C$6="","",Lists!$C$6) -> Pool | B14: =IFERROR('Sport Records'!$P$110,"—") -> Simon | C14: =IF(OR($B14="—",$B14=""),"",ROUND(MAX('Sport Records'!$B$110:$O$110),0)) -> 1030 | D14: =IF(OR($B14="—",$B14=""),"—",COUNTIFS('Match Log'!$D$4:$D$1510,$B14,'Match Log'!$C$4:$C$1510,$A14,'Match Log'!$E$4:$E$1510,"Win")&"–"&(COUNTIFS('Match Log'!$D$4:$D$1510,$B14,'Match Log'!$C$4:$C$1510,$A14)-COUNTIFS('Match Log'!$D$4:$D$1510,$B14,'Match Log'!$C$4:$C$1510,$A14,'Match Log'!$E$4:$E$1510,"Win"))) -> 2–0 | E14: =IFERROR('Sport Records'!$P$12,0) -> 26 | G14: 2019 | H14: Shawn | I14: Beau
A15: =IF(Lists!$C$7="","",Lists!$C$7) -> Kelly Pool | B15: =IFERROR('Sport Records'!$P$111,"—") -> Aaron | C15: =IF(OR($B15="—",$B15=""),"",ROUND(MAX('Sport Records'!$B$111:$O$111),0)) -> 1016 | D15: =IF(OR($B15="—",$B15=""),"—",COUNTIFS('Match Log'!$D$4:$D$1510,$B15,'Match Log'!$C$4:$C$1510,$A15,'Match Log'!$E$4:$E$1510,"Win")&"–"&(COUNTIFS('Match Log'!$D$4:$D$1510,$B15,'Match Log'!$C$4:$C$1510,$A15)-COUNTIFS('Match Log'!$D$4:$D$1510,$B15,'Match Log'!$C$4:$C$1510,$A15,'Match Log'!$E$4:$E$1510,"Win"))) -> 1–0 | E15: =IFERROR('Sport Records'!$P$13,0) -> 1 | G15: 2020 | H15: Josh | I15: Aaron
A16: =IF(Lists!$C$8="","",Lists!$C$8) -> Target | B16: =IFERROR('Sport Records'!$P$112,"—") -> — | C16: =IF(OR($B16="—",$B16=""),"",ROUND(MAX('Sport Records'!$B$112:$O$112),0)) | D16: =IF(OR($B16="—",$B16=""),"—",COUNTIFS('Match Log'!$D$4:$D$1510,$B16,'Match Log'!$C$4:$C$1510,$A16,'Match Log'!$E$4:$E$1510,"Win")&"–"&(COUNTIFS('Match Log'!$D$4:$D$1510,$B16,'Match Log'!$C$4:$C$1510,$A16)-COUNTIFS('Match Log'!$D$4:$D$1510,$B16,'Match Log'!$C$4:$C$1510,$A16,'Match Log'!$E$4:$E$1510,"Win"))) -> — | E16: =IFERROR('Sport Records'!$P$14,0) -> 0 | G16: 2021 | H16: Aaron | I16: David
A17: =IF(Lists!$C$9="","",Lists!$C$9) -> Snooker | B17: =IFERROR('Sport Records'!$P$113,"—") -> — | C17: =IF(OR($B17="—",$B17=""),"",ROUND(MAX('Sport Records'!$B$113:$O$113),0)) | D17: =IF(OR($B17="—",$B17=""),"—",COUNTIFS('Match Log'!$D$4:$D$1510,$B17,'Match Log'!$C$4:$C$1510,$A17,'Match Log'!$E$4:$E$1510,"Win")&"–"&(COUNTIFS('Match Log'!$D$4:$D$1510,$B17,'Match Log'!$C$4:$C$1510,$A17)-COUNTIFS('Match Log'!$D$4:$D$1510,$B17,'Match Log'!$C$4:$C$1510,$A17,'Match Log'!$E$4:$E$1510,"Win"))) -> — | E17: =IFERROR('Sport Records'!$P$15,0) -> 0 | G17: 2022 | H17: Josh 👑 | I17: Shawn
A18: =IF(Lists!$C$10="","",Lists!$C$10) -> Putt Putt | B18: =IFERROR('Sport Records'!$P$114,"—") -> Josh | C18: =IF(OR($B18="—",$B18=""),"",ROUND(MAX('Sport Records'!$B$114:$O$114),0)) -> 1031 | D18: =IF(OR($B18="—",$B18=""),"—",COUNTIFS('Match Log'!$D$4:$D$1510,$B18,'Match Log'!$C$4:$C$1510,$A18,'Match Log'!$E$4:$E$1510,"Win")&"–"&(COUNTIFS('Match Log'!$D$4:$D$1510,$B18,'Match Log'!$C$4:$C$1510,$A18)-COUNTIFS('Match Log'!$D$4:$D$1510,$B18,'Match Log'!$C$4:$C$1510,$A18,'Match Log'!$E$4:$E$1510,"Win"))) -> 2–0 | E18: =IFERROR('Sport Records'!$P$16,0) -> 4 | G18: 2023 | H18: — not contested —
A19: =IF(Lists!$C$11="","",Lists!$C$11) -> Back Yard Putt Putt | B19: =IFERROR('Sport Records'!$P$115,"—") -> Simon | C19: =IF(OR($B19="—",$B19=""),"",ROUND(MAX('Sport Records'!$B$115:$O$115),0)) -> 1064 | D19: =IF(OR($B19="—",$B19=""),"—",COUNTIFS('Match Log'!$D$4:$D$1510,$B19,'Match Log'!$C$4:$C$1510,$A19,'Match Log'!$E$4:$E$1510,"Win")&"–"&(COUNTIFS('Match Log'!$D$4:$D$1510,$B19,'Match Log'!$C$4:$C$1510,$A19)-COUNTIFS('Match Log'!$D$4:$D$1510,$B19,'Match Log'!$C$4:$C$1510,$A19,'Match Log'!$E$4:$E$1510,"Win"))) -> 5–1 | E19: =IFERROR('Sport Records'!$P$17,0) -> 6 | G19: 2024 | H19: — not contested —
A20: =IF(Lists!$C$12="","",Lists!$C$12) -> Sting Pong | B20: =IFERROR('Sport Records'!$P$116,"—") -> — | C20: =IF(OR($B20="—",$B20=""),"",ROUND(MAX('Sport Records'!$B$116:$O$116),0)) | D20: =IF(OR($B20="—",$B20=""),"—",COUNTIFS('Match Log'!$D$4:$D$1510,$B20,'Match Log'!$C$4:$C$1510,$A20,'Match Log'!$E$4:$E$1510,"Win")&"–"&(COUNTIFS('Match Log'!$D$4:$D$1510,$B20,'Match Log'!$C$4:$C$1510,$A20)-COUNTIFS('Match Log'!$D$4:$D$1510,$B20,'Match Log'!$C$4:$C$1510,$A20,'Match Log'!$E$4:$E$1510,"Win"))) -> — | E20: =IFERROR('Sport Records'!$P$18,0) -> 0 | G20: 2025 | H20: — not contested —
A21: =IF(Lists!$C$13="","",Lists!$C$13) -> Table Tennis | B21: =IFERROR('Sport Records'!$P$117,"—") -> Shawn | C21: =IF(OR($B21="—",$B21=""),"",ROUND(MAX('Sport Records'!$B$117:$O$117),0)) -> 1119 | D21: =IF(OR($B21="—",$B21=""),"—",COUNTIFS('Match Log'!$D$4:$D$1510,$B21,'Match Log'!$C$4:$C$1510,$A21,'Match Log'!$E$4:$E$1510,"Win")&"–"&(COUNTIFS('Match Log'!$D$4:$D$1510,$B21,'Match Log'!$C$4:$C$1510,$A21)-COUNTIFS('Match Log'!$D$4:$D$1510,$B21,'Match Log'!$C$4:$C$1510,$A21,'Match Log'!$E$4:$E$1510,"Win"))) -> 13–2 | E21: =IFERROR('Sport Records'!$P$19,0) -> 56 | G21: 2026 | H21: in progress | I21: see current leader
A22: =IF(Lists!$C$14="","",Lists!$C$14) -> Mario Party | B22: =IFERROR('Sport Records'!$P$118,"—") -> Daniel (Ferret) | C22: =IF(OR($B22="—",$B22=""),"",ROUND(MAX('Sport Records'!$B$118:$O$118),0)) -> 1051 | D22: =IF(OR($B22="—",$B22=""),"—",COUNTIFS('Match Log'!$D$4:$D$1510,$B22,'Match Log'!$C$4:$C$1510,$A22,'Match Log'!$E$4:$E$1510,"Win")&"–"&(COUNTIFS('Match Log'!$D$4:$D$1510,$B22,'Match Log'!$C$4:$C$1510,$A22)-COUNTIFS('Match Log'!$D$4:$D$1510,$B22,'Match Log'!$C$4:$C$1510,$A22,'Match Log'!$E$4:$E$1510,"Win"))) -> 5–1 | E22: =IFERROR('Sport Records'!$P$20,0) -> 14
A23: =IF(Lists!$C$15="","",Lists!$C$15) -> Mario Kart | B23: =IFERROR('Sport Records'!$P$119,"—") -> Josh | C23: =IF(OR($B23="—",$B23=""),"",ROUND(MAX('Sport Records'!$B$119:$O$119),0)) -> 1055 | D23: =IF(OR($B23="—",$B23=""),"—",COUNTIFS('Match Log'!$D$4:$D$1510,$B23,'Match Log'!$C$4:$C$1510,$A23,'Match Log'!$E$4:$E$1510,"Win")&"–"&(COUNTIFS('Match Log'!$D$4:$D$1510,$B23,'Match Log'!$C$4:$C$1510,$A23)-COUNTIFS('Match Log'!$D$4:$D$1510,$B23,'Match Log'!$C$4:$C$1510,$A23,'Match Log'!$E$4:$E$1510,"Win"))) -> 6–1 | E23: =IFERROR('Sport Records'!$P$21,0) -> 23 | G23: Reigning champion: | H23: Josh (2022)
A24: =IF(Lists!$C$16="","",Lists!$C$16) -> Go Karting | B24: =IFERROR('Sport Records'!$P$120,"—") -> — | C24: =IF(OR($B24="—",$B24=""),"",ROUND(MAX('Sport Records'!$B$120:$O$120),0)) | D24: =IF(OR($B24="—",$B24=""),"—",COUNTIFS('Match Log'!$D$4:$D$1510,$B24,'Match Log'!$C$4:$C$1510,$A24,'Match Log'!$E$4:$E$1510,"Win")&"–"&(COUNTIFS('Match Log'!$D$4:$D$1510,$B24,'Match Log'!$C$4:$C$1510,$A24)-COUNTIFS('Match Log'!$D$4:$D$1510,$B24,'Match Log'!$C$4:$C$1510,$A24,'Match Log'!$E$4:$E$1510,"Win"))) -> — | E24: =IFERROR('Sport Records'!$P$22,0) -> 0 | G24: Most titles: | H24: Josh — 2 crowns
A25: =IF(Lists!$C$17="","",Lists!$C$17) -> Call of Duty | B25: =IFERROR('Sport Records'!$P$121,"—") -> Daniel (Ferret) | C25: =IF(OR($B25="—",$B25=""),"",ROUND(MAX('Sport Records'!$B$121:$O$121),0)) -> 1027 | D25: =IF(OR($B25="—",$B25=""),"—",COUNTIFS('Match Log'!$D$4:$D$1510,$B25,'Match Log'!$C$4:$C$1510,$A25,'Match Log'!$E$4:$E$1510,"Win")&"–"&(COUNTIFS('Match Log'!$D$4:$D$1510,$B25,'Match Log'!$C$4:$C$1510,$A25)-COUNTIFS('Match Log'!$D$4:$D$1510,$B25,'Match Log'!$C$4:$C$1510,$A25,'Match Log'!$E$4:$E$1510,"Win"))) -> 8–4 | E25: =IFERROR('Sport Records'!$P$23,0) -> 13
A26: =IF(Lists!$C$18="","",Lists!$C$18) -> Poker | B26: =IFERROR('Sport Records'!$P$122,"—") -> Josh | C26: =IF(OR($B26="—",$B26=""),"",ROUND(MAX('Sport Records'!$B$122:$O$122),0)) -> 1031 | D26: =IF(OR($B26="—",$B26=""),"—",COUNTIFS('Match Log'!$D$4:$D$1510,$B26,'Match Log'!$C$4:$C$1510,$A26,'Match Log'!$E$4:$E$1510,"Win")&"–"&(COUNTIFS('Match Log'!$D$4:$D$1510,$B26,'Match Log'!$C$4:$C$1510,$A26)-COUNTIFS('Match Log'!$D$4:$D$1510,$B26,'Match Log'!$C$4:$C$1510,$A26,'Match Log'!$E$4:$E$1510,"Win"))) -> 2–0 | E26: =IFERROR('Sport Records'!$P$24,0) -> 2
A27: =IF(Lists!$C$19="","",Lists!$C$19) -> ShuffleBoard | B27: =IFERROR('Sport Records'!$P$123,"—") -> Simon | C27: =IF(OR($B27="—",$B27=""),"",ROUND(MAX('Sport Records'!$B$123:$O$123),0)) -> 1060 | D27: =IF(OR($B27="—",$B27=""),"—",COUNTIFS('Match Log'!$D$4:$D$1510,$B27,'Match Log'!$C$4:$C$1510,$A27,'Match Log'!$E$4:$E$1510,"Win")&"–"&(COUNTIFS('Match Log'!$D$4:$D$1510,$B27,'Match Log'!$C$4:$C$1510,$A27)-COUNTIFS('Match Log'!$D$4:$D$1510,$B27,'Match Log'!$C$4:$C$1510,$A27,'Match Log'!$E$4:$E$1510,"Win"))) -> 8–3 | E27: =IFERROR('Sport Records'!$P$25,0) -> 31
A28: =IF(Lists!$C$20="","",Lists!$C$20) -> Mario Golf | B28: =IFERROR('Sport Records'!$P$124,"—") -> Daniel (Ferret) | C28: =IF(OR($B28="—",$B28=""),"",ROUND(MAX('Sport Records'!$B$124:$O$124),0)) -> 1121 | D28: =IF(OR($B28="—",$B28=""),"—",COUNTIFS('Match Log'!$D$4:$D$1510,$B28,'Match Log'!$C$4:$C$1510,$A28,'Match Log'!$E$4:$E$1510,"Win")&"–"&(COUNTIFS('Match Log'!$D$4:$D$1510,$B28,'Match Log'!$C$4:$C$1510,$A28)-COUNTIFS('Match Log'!$D$4:$D$1510,$B28,'Match Log'!$C$4:$C$1510,$A28,'Match Log'!$E$4:$E$1510,"Win"))) -> 25–16 | E28: =IFERROR('Sport Records'!$P$26,0) -> 57
A29: =IF(Lists!$C$21="","",Lists!$C$21) -> HORSE - Basketball | B29: =IFERROR('Sport Records'!$P$125,"—") -> Shawn | C29: =IF(OR($B29="—",$B29=""),"",ROUND(MAX('Sport Records'!$B$125:$O$125),0)) -> 1056 | D29: =IF(OR($B29="—",$B29=""),"—",COUNTIFS('Match Log'!$D$4:$D$1510,$B29,'Match Log'!$C$4:$C$1510,$A29,'Match Log'!$E$4:$E$1510,"Win")&"–"&(COUNTIFS('Match Log'!$D$4:$D$1510,$B29,'Match Log'!$C$4:$C$1510,$A29)-COUNTIFS('Match Log'!$D$4:$D$1510,$B29,'Match Log'!$C$4:$C$1510,$A29,'Match Log'!$E$4:$E$1510,"Win"))) -> 5–2 | E29: =IFERROR('Sport Records'!$P$27,0) -> 7
A30: =IF(Lists!$C$22="","",Lists!$C$22) -> Car racing arcade | B30: =IFERROR('Sport Records'!$P$126,"—") -> Dean B | C30: =IF(OR($B30="—",$B30=""),"",ROUND(MAX('Sport Records'!$B$126:$O$126),0)) -> 1058 | D30: =IF(OR($B30="—",$B30=""),"—",COUNTIFS('Match Log'!$D$4:$D$1510,$B30,'Match Log'!$C$4:$C$1510,$A30,'Match Log'!$E$4:$E$1510,"Win")&"–"&(COUNTIFS('Match Log'!$D$4:$D$1510,$B30,'Match Log'!$C$4:$C$1510,$A30)-COUNTIFS('Match Log'!$D$4:$D$1510,$B30,'Match Log'!$C$4:$C$1510,$A30,'Match Log'!$E$4:$E$1510,"Win"))) -> 4–0 | E30: =IFERROR('Sport Records'!$P$28,0) -> 6
A31: =IF(Lists!$C$23="","",Lists!$C$23) -> Shooting game arcade | B31: =IFERROR('Sport Records'!$P$127,"—") -> Shawn | C31: =IF(OR($B31="—",$B31=""),"",ROUND(MAX('Sport Records'!$B$127:$O$127),0)) -> 1017 | D31: =IF(OR($B31="—",$B31=""),"—",COUNTIFS('Match Log'!$D$4:$D$1510,$B31,'Match Log'!$C$4:$C$1510,$A31,'Match Log'!$E$4:$E$1510,"Win")&"–"&(COUNTIFS('Match Log'!$D$4:$D$1510,$B31,'Match Log'!$C$4:$C$1510,$A31)-COUNTIFS('Match Log'!$D$4:$D$1510,$B31,'Match Log'!$C$4:$C$1510,$A31,'Match Log'!$E$4:$E$1510,"Win"))) -> 1–0 | E31: =IFERROR('Sport Records'!$P$29,0) -> 2
A32: =IF(Lists!$C$24="","",Lists!$C$24) -> Cards | B32: =IFERROR('Sport Records'!$P$128,"—") -> Dean M | C32: =IF(OR($B32="—",$B32=""),"",ROUND(MAX('Sport Records'!$B$128:$O$128),0)) -> 1023 | D32: =IF(OR($B32="—",$B32=""),"—",COUNTIFS('Match Log'!$D$4:$D$1510,$B32,'Match Log'!$C$4:$C$1510,$A32,'Match Log'!$E$4:$E$1510,"Win")&"–"&(COUNTIFS('Match Log'!$D$4:$D$1510,$B32,'Match Log'!$C$4:$C$1510,$A32)-COUNTIFS('Match Log'!$D$4:$D$1510,$B32,'Match Log'!$C$4:$C$1510,$A32,'Match Log'!$E$4:$E$1510,"Win"))) -> 2–1 | E32: =IFERROR('Sport Records'!$P$30,0) -> 11
A33: =IF(Lists!$C$25="","",Lists!$C$25) -> Air Hockey | B33: =IFERROR('Sport Records'!$P$129,"—") -> Josh | C33: =IF(OR($B33="—",$B33=""),"",ROUND(MAX('Sport Records'!$B$129:$O$129),0)) -> 1015 | D33: =IF(OR($B33="—",$B33=""),"—",COUNTIFS('Match Log'!$D$4:$D$1510,$B33,'Match Log'!$C$4:$C$1510,$A33,'Match Log'!$E$4:$E$1510,"Win")&"–"&(COUNTIFS('Match Log'!$D$4:$D$1510,$B33,'Match Log'!$C$4:$C$1510,$A33)-COUNTIFS('Match Log'!$D$4:$D$1510,$B33,'Match Log'!$C$4:$C$1510,$A33,'Match Log'!$E$4:$E$1510,"Win"))) -> 2–1 | E33: =IFERROR('Sport Records'!$P$31,0) -> 3
A34: =IF(Lists!$C$26="","",Lists!$C$26) -> Basketball arcade | B34: =IFERROR('Sport Records'!$P$130,"—") -> Daniel (Ferret) | C34: =IF(OR($B34="—",$B34=""),"",ROUND(MAX('Sport Records'!$B$130:$O$130),0)) -> 1032 | D34: =IF(OR($B34="—",$B34=""),"—",COUNTIFS('Match Log'!$D$4:$D$1510,$B34,'Match Log'!$C$4:$C$1510,$A34,'Match Log'!$E$4:$E$1510,"Win")&"–"&(COUNTIFS('Match Log'!$D$4:$D$1510,$B34,'Match Log'!$C$4:$C$1510,$A34)-COUNTIFS('Match Log'!$D$4:$D$1510,$B34,'Match Log'!$C$4:$C$1510,$A34,'Match Log'!$E$4:$E$1510,"Win"))) -> 2–0 | E34: =IFERROR('Sport Records'!$P$32,0) -> 5

Sheet Dashboard
A1: FAMILY WORLD CHAMPIONSHIP
A2: Live Standings · ranked by FWC Rating (skill + form + arena from games, plus poker stakes, less idle penalties). Filter arrows on row 4 re-sort by any column. ℹ Every column & rule is explained on the Guide & Settings tab. | M2: ="Standings as of Game "&MAX('Match Log'!$A$4:$A$1510)&" · "&TEXT(MAX('Match Log'!$B$4:$B$1510),"d mmm yyyy") -> Standings as of Game 327 · 24 Oct 2026 | T2: =IF(COUNTIF($T$5:$T$18,"At risk")+COUNTIF($T$5:$T$18,"Inactive")=0,"Inactivity watch: all players active ✓","⚠ Inactivity watch: "&(COUNTIF($T$5:$T$18,"At risk")+COUNTIF($T$5:$T$18,"Inactive"))&" player(s) need a game — see Activity column") -> ⚠ Inactivity watch: 8 player(s) need a game — see Activity column
A3: ="Current Champion: "&IFERROR(INDEX($B$5:$B$18,MATCH(SUMPRODUCT(MAX(($L$5:$L$18="Eligible")*($T$5:$T$18<>"Inactive")*$V$5:$V$18)),$V$5:$V$18,0)),"— none eligible yet —") -> Current Champion: Josh
A4: Rank | B4: Player | C4: FWC Rating | D4: Games | E4: Won | F4: Lost | G4: Win % | H4: Skill Pts | I4: Form Pts | J4: Arena Pts | K4: Sports | L4: Status | M4: SoS | N4: Behind | O4: Streak | P4: Form (last 5) | Q4: Move | R4: Last Played | S4: Wks Idle | T4: Activity | U4: Penalty | V4: Adj. Rating | W4: Tier | X4: Stake Pts
A5: =ROW()-4 -> 1 | B5: =IFERROR(INDEX(Calcs!$A$7:$A$20,MATCH(LARGE(Calcs!$AI$7:$AI$20,ROW()-4),Calcs!$AI$7:$AI$20,0)),"") -> Josh | C5: =IFERROR(INDEX(Calcs!$S$7:$S$20,MATCH($B5,Calcs!$A$7:$A$20,0)),"") -> 1273.6858 | D5: =COUNTIF('Match Log'!$D$4:$D$1510,$B5) -> 65 | E5: =COUNTIFS('Match Log'!$D$4:$D$1510,$B5,'Match Log'!$E$4:$E$1510,"Win") -> 40 | F5: =$D5-$E5 -> 25 | G5: =IF($D5=0,"",$E5/$D5) -> 0.61538462 | H5: =SUMIF('Match Log'!$D$4:$D$1510,$B5,'Match Log'!$J$4:$J$1510) -> 129.80968 | I5: =SUMIF('Match Log'!$D$4:$D$1510,$B5,'Match Log'!$K$4:$K$1510) -> 72.126157 | J5: =SUMIF('Match Log'!$D$4:$D$1510,$B5,'Match Log'!$L$4:$L$1510) -> 50 | K5: =SUMPRODUCT(--(COUNTIFS('Match Log'!$D$4:$D$1510,$B5,'Match Log'!$C$4:$C$1510,Lists!$C$2:$C$26)>0)) -> 15 | L5: =IF($D5=0,"No games",IF(AND($D5>='Guide & Settings'!$C$45,$K5>='Guide & Settings'!$C$46),"Eligible","Provisional")) -> Eligible | M5: =IFERROR(INDEX(Calcs!$C$7:$C$20,MATCH($B5,Calcs!$A$7:$A$20,0)),"") -> 1137.537 | N5: =MAX($C$5:$C$18)-$C5 -> 0 | O5: =IFERROR(INDEX(Calcs!$H$7:$H$20,MATCH($B5,Calcs!$A$7:$A$20,0)),"") -> W6 | P5: =IFERROR(INDEX(Calcs!$I$7:$I$20,MATCH($B5,Calcs!$A$7:$A$20,0)),"") -> WWWWW | Q5: =IFERROR(IF(INDEX(Calcs!$L$7:$L$20,MATCH($B5,Calcs!$A$7:$A$20,0))>0,"▲"&INDEX(Calcs!$L$7:$L$20,MATCH($B5,Calcs!$A$7:$A$20,0)),IF(INDEX(Calcs!$L$7:$L$20,MATCH($B5,Calcs!$A$7:$A$20,0))<0,"▼"&ABS(INDEX(Calcs!$L$7:$L$20,MATCH($B5,Calcs!$A$7:$A$20,0))),"–")),"") -> – | R5: =IFERROR(IF(INDEX(Calcs!$P$7:$P$20,MATCH($B5,Calcs!$A$7:$A$20,0))=0,"—",TEXT(INDEX(Calcs!$P$7:$P$20,MATCH($B5,Calcs!$A$7:$A$20,0)),"d mmm")),"") -> 8 Oct | S5: =IFERROR(ROUND(INDEX(Calcs!$Q$7:$Q$20,MATCH($B5,Calcs!$A$7:$A$20,0)),1),"") -> 2.3 | T5: =IFERROR(INDEX(Calcs!$T$7:$T$20,MATCH($B5,Calcs!$A$7:$A$20,0)),"") -> At risk | U5: =IFERROR(ROUND(INDEX(Calcs!$R$7:$R$20,MATCH($B5,Calcs!$A$7:$A$20,0))+INDEX(Calcs!$U$7:$U$20,MATCH($B5,Calcs!$A$7:$A$20,0)),0),0) -> 0 | V5: =IFERROR(ROUND(INDEX(Calcs!$S$7:$S$20,MATCH($B5,Calcs!$A$7:$A$20,0)),0),"") -> 1274 | W5: =IFERROR(INDEX(Calcs!$AF$7:$AF$20,MATCH($B5,Calcs!$A$7:$A$20,0)),"") -> Elite | X5: =IFERROR(ROUND(SUMIF('Poker Stake Ledger'!$C$18:$C$137,$B5,'Poker Stake Ledger'!$K$18:$K$137),1),0) -> 21.8
A6: =ROW()-4 -> 2 | B6: =IFERROR(INDEX(Calcs!$A$7:$A$20,MATCH(LARGE(Calcs!$AI$7:$AI$20,ROW()-4),Calcs!$AI$7:$AI$20,0)),"") -> Shawn | C6: =IFERROR(INDEX(Calcs!$S$7:$S$20,MATCH($B6,Calcs!$A$7:$A$20,0)),"") -> 1228.1633 | D6: =COUNTIF('Match Log'!$D$4:$D$1510,$B6) -> 171 | E6: =COUNTIFS('Match Log'!$D$4:$D$1510,$B6,'Match Log'!$E$4:$E$1510,"Win") -> 80 | F6: =$D6-$E6 -> 91 | G6: =IF($D6=0,"",$E6/$D6) -> 0.46783626 | H6: =SUMIF('Match Log'!$D$4:$D$1510,$B6,'Match Log'!$J$4:$J$1510) -> 10.756475 | I6: =SUMIF('Match Log'!$D$4:$D$1510,$B6,'Match Log'!$K$4:$K$1510) -> 25.156854 | J6: =SUMIF('Match Log'!$D$4:$D$1510,$B6,'Match Log'!$L$4:$L$1510) -> 196 | K6: =SUMPRODUCT(--(COUNTIFS('Match Log'!$D$4:$D$1510,$B6,'Match Log'!$C$4:$C$1510,Lists!$C$2:$C$26)>0)) -> 19 | L6: =IF($D6=0,"No games",IF(AND($D6>='Guide & Settings'!$C$45,$K6>='Guide & Settings'!$C$46),"Eligible","Provisional")) -> Eligible | M6: =IFERROR(INDEX(Calcs!$C$7:$C$20,MATCH($B6,Calcs!$A$7:$A$20,0)),"") -> 1142.2912 | N6: =MAX($C$5:$C$18)-$C6 -> 45.522508 | O6: =IFERROR(INDEX(Calcs!$H$7:$H$20,MATCH($B6,Calcs!$A$7:$A$20,0)),"") -> L1 | P6: =IFERROR(INDEX(Calcs!$I$7:$I$20,MATCH($B6,Calcs!$A$7:$A$20,0)),"") -> WWLWL | Q6: =IFERROR(IF(INDEX(Calcs!$L$7:$L$20,MATCH($B6,Calcs!$A$7:$A$20,0))>0,"▲"&INDEX(Calcs!$L$7:$L$20,MATCH($B6,Calcs!$A$7:$A$20,0)),IF(INDEX(Calcs!$L$7:$L$20,MATCH($B6,Calcs!$A$7:$A$20,0))<0,"▼"&ABS(INDEX(Calcs!$L$7:$L$20,MATCH($B6,Calcs!$A$7:$A$20,0))),"–")),"") -> – | R6: =IFERROR(IF(INDEX(Calcs!$P$7:$P$20,MATCH($B6,Calcs!$A$7:$A$20,0))=0,"—",TEXT(INDEX(Calcs!$P$7:$P$20,MATCH($B6,Calcs!$A$7:$A$20,0)),"d mmm")),"") -> 24 Oct | S6: =IFERROR(ROUND(INDEX(Calcs!$Q$7:$Q$20,MATCH($B6,Calcs!$A$7:$A$20,0)),1),"") -> 0 | T6: =IFERROR(INDEX(Calcs!$T$7:$T$20,MATCH($B6,Calcs!$A$7:$A$20,0)),"") -> Active | U6: =IFERROR(ROUND(INDEX(Calcs!$R$7:$R$20,MATCH($B6,Calcs!$A$7:$A$20,0))+INDEX(Calcs!$U$7:$U$20,MATCH($B6,Calcs!$A$7:$A$20,0)),0),0) -> 0 | V6: =IFERROR(ROUND(INDEX(Calcs!$S$7:$S$20,MATCH($B6,Calcs!$A$7:$A$20,0)),0),"") -> 1228 | W6: =IFERROR(INDEX(Calcs!$AF$7:$AF$20,MATCH($B6,Calcs!$A$7:$A$20,0)),"") -> Elite | X6: =IFERROR(ROUND(SUMIF('Poker Stake Ledger'!$C$18:$C$137,$B6,'Poker Stake Ledger'!$K$18:$K$137),1),0) -> -3.8
A7: =ROW()-4 -> 3 | B7: =IFERROR(INDEX(Calcs!$A$7:$A$20,MATCH(LARGE(Calcs!$AI$7:$AI$20,ROW()-4),Calcs!$AI$7:$AI$20,0)),"") -> Aaron | C7: =IFERROR(INDEX(Calcs!$S$7:$S$20,MATCH($B7,Calcs!$A$7:$A$20,0)),"") -> 1223.1912 | D7: =COUNTIF('Match Log'!$D$4:$D$1510,$B7) -> 94 | E7: =COUNTIFS('Match Log'!$D$4:$D$1510,$B7,'Match Log'!$E$4:$E$1510,"Win") -> 44 | F7: =$D7-$E7 -> 50 | G7: =IF($D7=0,"",$E7/$D7) -> 0.46808511 | H7: =SUMIF('Match Log'!$D$4:$D$1510,$B7,'Match Log'!$J$4:$J$1510) -> 59.277239 | I7: =SUMIF('Match Log'!$D$4:$D$1510,$B7,'Match Log'!$K$4:$K$1510) -> 74.013937 | J7: =SUMIF('Match Log'!$D$4:$D$1510,$B7,'Match Log'!$L$4:$L$1510) -> 111 | K7: =SUMPRODUCT(--(COUNTIFS('Match Log'!$D$4:$D$1510,$B7,'Match Log'!$C$4:$C$1510,Lists!$C$2:$C$26)>0)) -> 14 | L7: =IF($D7=0,"No games",IF(AND($D7>='Guide & Settings'!$C$45,$K7>='Guide & Settings'!$C$46),"Eligible","Provisional")) -> Eligible | M7: =IFERROR(INDEX(Calcs!$C$7:$C$20,MATCH($B7,Calcs!$A$7:$A$20,0)),"") -> 1157.4222 | N7: =MAX($C$5:$C$18)-$C7 -> 50.494661 | O7: =IFERROR(INDEX(Calcs!$H$7:$H$20,MATCH($B7,Calcs!$A$7:$A$20,0)),"") -> W2 | P7: =IFERROR(INDEX(Calcs!$I$7:$I$20,MATCH($B7,Calcs!$A$7:$A$20,0)),"") -> LLLWW | Q7: =IFERROR(IF(INDEX(Calcs!$L$7:$L$20,MATCH($B7,Calcs!$A$7:$A$20,0))>0,"▲"&INDEX(Calcs!$L$7:$L$20,MATCH($B7,Calcs!$A$7:$A$20,0)),IF(INDEX(Calcs!$L$7:$L$20,MATCH($B7,Calcs!$A$7:$A$20,0))<0,"▼"&ABS(INDEX(Calcs!$L$7:$L$20,MATCH($B7,Calcs!$A$7:$A$20,0))),"–")),"") -> ▲2 | R7: =IFERROR(IF(INDEX(Calcs!$P$7:$P$20,MATCH($B7,Calcs!$A$7:$A$20,0))=0,"—",TEXT(INDEX(Calcs!$P$7:$P$20,MATCH($B7,Calcs!$A$7:$A$20,0)),"d mmm")),"") -> 24 Oct | S7: =IFERROR(ROUND(INDEX(Calcs!$Q$7:$Q$20,MATCH($B7,Calcs!$A$7:$A$20,0)),1),"") -> 0 | T7: =IFERROR(INDEX(Calcs!$T$7:$T$20,MATCH($B7,Calcs!$A$7:$A$20,0)),"") -> Active | U7: =IFERROR(ROUND(INDEX(Calcs!$R$7:$R$20,MATCH($B7,Calcs!$A$7:$A$20,0))+INDEX(Calcs!$U$7:$U$20,MATCH($B7,Calcs!$A$7:$A$20,0)),0),0) -> 10 | V7: =IFERROR(ROUND(INDEX(Calcs!$S$7:$S$20,MATCH($B7,Calcs!$A$7:$A$20,0)),0),"") -> 1223 | W7: =IFERROR(INDEX(Calcs!$AF$7:$AF$20,MATCH($B7,Calcs!$A$7:$A$20,0)),"") -> Elite | X7: =IFERROR(ROUND(SUMIF('Poker Stake Ledger'!$C$18:$C$137,$B7,'Poker Stake Ledger'!$K$18:$K$137),1),0) -> -11.1
A8: =ROW()-4 -> 4 | B8: =IFERROR(INDEX(Calcs!$A$7:$A$20,MATCH(LARGE(Calcs!$AI$7:$AI$20,ROW()-4),Calcs!$AI$7:$AI$20,0)),"") -> Dean B | C8: =IFERROR(INDEX(Calcs!$S$7:$S$20,MATCH($B8,Calcs!$A$7:$A$20,0)),"") -> 1177.9015 | D8: =COUNTIF('Match Log'!$D$4:$D$1510,$B8) -> 42 | E8: =COUNTIFS('Match Log'!$D$4:$D$1510,$B8,'Match Log'!$E$4:$E$1510,"Win") -> 25 | F8: =$D8-$E8 -> 17 | G8: =IF($D8=0,"",$E8/$D8) -> 0.5952381 | H8: =SUMIF('Match Log'!$D$4:$D$1510,$B8,'Match Log'!$J$4:$J$1510) -> 89.675227 | I8: =SUMIF('Match Log'!$D$4:$D$1510,$B8,'Match Log'!$K$4:$K$1510) -> 72.226314 | J8: =SUMIF('Match Log'!$D$4:$D$1510,$B8,'Match Log'!$L$4:$L$1510) -> 56 | K8: =SUMPRODUCT(--(COUNTIFS('Match Log'!$D$4:$D$1510,$B8,'Match Log'!$C$4:$C$1510,Lists!$C$2:$C$26)>0)) -> 7 | L8: =IF($D8=0,"No games",IF(AND($D8>='Guide & Settings'!$C$45,$K8>='Guide & Settings'!$C$46),"Eligible","Provisional")) -> Eligible | M8: =IFERROR(INDEX(Calcs!$C$7:$C$20,MATCH($B8,Calcs!$A$7:$A$20,0)),"") -> 1134.8881 | N8: =MAX($C$5:$C$18)-$C8 -> 95.784295 | O8: =IFERROR(INDEX(Calcs!$H$7:$H$20,MATCH($B8,Calcs!$A$7:$A$20,0)),"") -> L1 | P8: =IFERROR(INDEX(Calcs!$I$7:$I$20,MATCH($B8,Calcs!$A$7:$A$20,0)),"") -> WWLWL | Q8: =IFERROR(IF(INDEX(Calcs!$L$7:$L$20,MATCH($B8,Calcs!$A$7:$A$20,0))>0,"▲"&INDEX(Calcs!$L$7:$L$20,MATCH($B8,Calcs!$A$7:$A$20,0)),IF(INDEX(Calcs!$L$7:$L$20,MATCH($B8,Calcs!$A$7:$A$20,0))<0,"▼"&ABS(INDEX(Calcs!$L$7:$L$20,MATCH($B8,Calcs!$A$7:$A$20,0))),"–")),"") -> ▲2 | R8: =IFERROR(IF(INDEX(Calcs!$P$7:$P$20,MATCH($B8,Calcs!$A$7:$A$20,0))=0,"—",TEXT(INDEX(Calcs!$P$7:$P$20,MATCH($B8,Calcs!$A$7:$A$20,0)),"d mmm")),"") -> 25 Sep | S8: =IFERROR(ROUND(INDEX(Calcs!$Q$7:$Q$20,MATCH($B8,Calcs!$A$7:$A$20,0)),1),"") -> 4.1 | T8: =IFERROR(INDEX(Calcs!$T$7:$T$20,MATCH($B8,Calcs!$A$7:$A$20,0)),"") -> Inactive | U8: =IFERROR(ROUND(INDEX(Calcs!$R$7:$R$20,MATCH($B8,Calcs!$A$7:$A$20,0))+INDEX(Calcs!$U$7:$U$20,MATCH($B8,Calcs!$A$7:$A$20,0)),0),0) -> 40 | V8: =IFERROR(ROUND(INDEX(Calcs!$S$7:$S$20,MATCH($B8,Calcs!$A$7:$A$20,0)),0),"") -> 1178 | W8: =IFERROR(INDEX(Calcs!$AF$7:$AF$20,MATCH($B8,Calcs!$A$7:$A$20,0)),"") -> Elite | X8: =IFERROR(ROUND(SUMIF('Poker Stake Ledger'!$C$18:$C$137,$B8,'Poker Stake Ledger'!$K$18:$K$137),1),0) -> 0
A9: =ROW()-4 -> 5 | B9: =IFERROR(INDEX(Calcs!$A$7:$A$20,MATCH(LARGE(Calcs!$AI$7:$AI$20,ROW()-4),Calcs!$AI$7:$AI$20,0)),"") -> Simon | C9: =IFERROR(INDEX(Calcs!$S$7:$S$20,MATCH($B9,Calcs!$A$7:$A$20,0)),"") -> 1174.9945 | D9: =COUNTIF('Match Log'!$D$4:$D$1510,$B9) -> 44 | E9: =COUNTIFS('Match Log'!$D$4:$D$1510,$B9,'Match Log'!$E$4:$E$1510,"Win") -> 23 | F9: =$D9-$E9 -> 21 | G9: =IF($D9=0,"",$E9/$D9) -> 0.52272727 | H9: =SUMIF('Match Log'!$D$4:$D$1510,$B9,'Match Log'!$J$4:$J$1510) -> 56.427838 | I9: =SUMIF('Match Log'!$D$4:$D$1510,$B9,'Match Log'!$K$4:$K$1510) -> 65.116711 | J9: =SUMIF('Match Log'!$D$4:$D$1510,$B9,'Match Log'!$L$4:$L$1510) -> 89 | K9: =SUMPRODUCT(--(COUNTIFS('Match Log'!$D$4:$D$1510,$B9,'Match Log'!$C$4:$C$1510,Lists!$C$2:$C$26)>0)) -> 12 | L9: =IF($D9=0,"No games",IF(AND($D9>='Guide & Settings'!$C$45,$K9>='Guide & Settings'!$C$46),"Eligible","Provisional")) -> Eligible | M9: =IFERROR(INDEX(Calcs!$C$7:$C$20,MATCH($B9,Calcs!$A$7:$A$20,0)),"") -> 1088.431 | N9: =MAX($C$5:$C$18)-$C9 -> 98.691288 | O9: =IFERROR(INDEX(Calcs!$H$7:$H$20,MATCH($B9,Calcs!$A$7:$A$20,0)),"") -> W1 | P9: =IFERROR(INDEX(Calcs!$I$7:$I$20,MATCH($B9,Calcs!$A$7:$A$20,0)),"") -> WLWLW | Q9: =IFERROR(IF(INDEX(Calcs!$L$7:$L$20,MATCH($B9,Calcs!$A$7:$A$20,0))>0,"▲"&INDEX(Calcs!$L$7:$L$20,MATCH($B9,Calcs!$A$7:$A$20,0)),IF(INDEX(Calcs!$L$7:$L$20,MATCH($B9,Calcs!$A$7:$A$20,0))<0,"▼"&ABS(INDEX(Calcs!$L$7:$L$20,MATCH($B9,Calcs!$A$7:$A$20,0))),"–")),"") -> ▼2 | R9: =IFERROR(IF(INDEX(Calcs!$P$7:$P$20,MATCH($B9,Calcs!$A$7:$A$20,0))=0,"—",TEXT(INDEX(Calcs!$P$7:$P$20,MATCH($B9,Calcs!$A$7:$A$20,0)),"d mmm")),"") -> 24 Oct | S9: =IFERROR(ROUND(INDEX(Calcs!$Q$7:$Q$20,MATCH($B9,Calcs!$A$7:$A$20,0)),1),"") -> 0 | T9: =IFERROR(INDEX(Calcs!$T$7:$T$20,MATCH($B9,Calcs!$A$7:$A$20,0)),"") -> Active | U9: =IFERROR(ROUND(INDEX(Calcs!$R$7:$R$20,MATCH($B9,Calcs!$A$7:$A$20,0))+INDEX(Calcs!$U$7:$U$20,MATCH($B9,Calcs!$A$7:$A$20,0)),0),0) -> 30 | V9: =IFERROR(ROUND(INDEX(Calcs!$S$7:$S$20,MATCH($B9,Calcs!$A$7:$A$20,0)),0),"") -> 1175 | W9: =IFERROR(INDEX(Calcs!$AF$7:$AF$20,MATCH($B9,Calcs!$A$7:$A$20,0)),"") -> Elite | X9: =IFERROR(ROUND(SUMIF('Poker Stake Ledger'!$C$18:$C$137,$B9,'Poker Stake Ledger'!$K$18:$K$137),1),0) -> -5.6
A10: =ROW()-4 -> 6 | B10: =IFERROR(INDEX(Calcs!$A$7:$A$20,MATCH(LARGE(Calcs!$AI$7:$AI$20,ROW()-4),Calcs!$AI$7:$AI$20,0)),"") -> Daniel (Ferret) | C10: =IFERROR(INDEX(Calcs!$S$7:$S$20,MATCH($B10,Calcs!$A$7:$A$20,0)),"") -> 1154.9493 | D10: =COUNTIF('Match Log'!$D$4:$D$1510,$B10) -> 162 | E10: =COUNTIFS('Match Log'!$D$4:$D$1510,$B10,'Match Log'!$E$4:$E$1510,"Win") -> 69 | F10: =$D10-$E10 -> 93 | G10: =IF($D10=0,"",$E10/$D10) -> 0.42592593 | H10: =SUMIF('Match Log'!$D$4:$D$1510,$B10,'Match Log'!$J$4:$J$1510) -> -53.937029 | I10: =SUMIF('Match Log'!$D$4:$D$1510,$B10,'Match Log'!$K$4:$K$1510) -> 39.236371 | J10: =SUMIF('Match Log'!$D$4:$D$1510,$B10,'Match Log'!$L$4:$L$1510) -> 171 | K10: =SUMPRODUCT(--(COUNTIFS('Match Log'!$D$4:$D$1510,$B10,'Match Log'!$C$4:$C$1510,Lists!$C$2:$C$26)>0)) -> 20 | L10: =IF($D10=0,"No games",IF(AND($D10>='Guide & Settings'!$C$45,$K10>='Guide & Settings'!$C$46),"Eligible","Provisional")) -> Eligible | M10: =IFERROR(INDEX(Calcs!$C$7:$C$20,MATCH($B10,Calcs!$A$7:$A$20,0)),"") -> 1181.819 | N10: =MAX($C$5:$C$18)-$C10 -> 118.73649 | O10: =IFERROR(INDEX(Calcs!$H$7:$H$20,MATCH($B10,Calcs!$A$7:$A$20,0)),"") -> L2 | P10: =IFERROR(INDEX(Calcs!$I$7:$I$20,MATCH($B10,Calcs!$A$7:$A$20,0)),"") -> LLWLL | Q10: =IFERROR(IF(INDEX(Calcs!$L$7:$L$20,MATCH($B10,Calcs!$A$7:$A$20,0))>0,"▲"&INDEX(Calcs!$L$7:$L$20,MATCH($B10,Calcs!$A$7:$A$20,0)),IF(INDEX(Calcs!$L$7:$L$20,MATCH($B10,Calcs!$A$7:$A$20,0))<0,"▼"&ABS(INDEX(Calcs!$L$7:$L$20,MATCH($B10,Calcs!$A$7:$A$20,0))),"–")),"") -> ▼2 | R10: =IFERROR(IF(INDEX(Calcs!$P$7:$P$20,MATCH($B10,Calcs!$A$7:$A$20,0))=0,"—",TEXT(INDEX(Calcs!$P$7:$P$20,MATCH($B10,Calcs!$A$7:$A$20,0)),"d mmm")),"") -> 24 Oct | S10: =IFERROR(ROUND(INDEX(Calcs!$Q$7:$Q$20,MATCH($B10,Calcs!$A$7:$A$20,0)),1),"") -> 0 | T10: =IFERROR(INDEX(Calcs!$T$7:$T$20,MATCH($B10,Calcs!$A$7:$A$20,0)),"") -> Active | U10: =IFERROR(ROUND(INDEX(Calcs!$R$7:$R$20,MATCH($B10,Calcs!$A$7:$A$20,0))+INDEX(Calcs!$U$7:$U$20,MATCH($B10,Calcs!$A$7:$A$20,0)),0),0) -> 0 | V10: =IFERROR(ROUND(INDEX(Calcs!$S$7:$S$20,MATCH($B10,Calcs!$A$7:$A$20,0)),0),"") -> 1155 | W10: =IFERROR(INDEX(Calcs!$AF$7:$AF$20,MATCH($B10,Calcs!$A$7:$A$20,0)),"") -> Elite | X10: =IFERROR(ROUND(SUMIF('Poker Stake Ledger'!$C$18:$C$137,$B10,'Poker Stake Ledger'!$K$18:$K$137),1),0) -> -1.4
A11: =ROW()-4 -> 7 | B11: =IFERROR(INDEX(Calcs!$A$7:$A$20,MATCH(LARGE(Calcs!$AI$7:$AI$20,ROW()-4),Calcs!$AI$7:$AI$20,0)),"") -> Chase | C11: =IFERROR(INDEX(Calcs!$S$7:$S$20,MATCH($B11,Calcs!$A$7:$A$20,0)),"") -> 1028.0761 | D11: =COUNTIF('Match Log'!$D$4:$D$1510,$B11) -> 23 | E11: =COUNTIFS('Match Log'!$D$4:$D$1510,$B11,'Match Log'!$E$4:$E$1510,"Win") -> 9 | F11: =$D11-$E11 -> 14 | G11: =IF($D11=0,"",$E11/$D11) -> 0.39130435 | H11: =SUMIF('Match Log'!$D$4:$D$1510,$B11,'Match Log'!$J$4:$J$1510) -> 9.3432383 | I11: =SUMIF('Match Log'!$D$4:$D$1510,$B11,'Match Log'!$K$4:$K$1510) -> -8.2671353 | J11: =SUMIF('Match Log'!$D$4:$D$1510,$B11,'Match Log'!$L$4:$L$1510) -> 47 | K11: =SUMPRODUCT(--(COUNTIFS('Match Log'!$D$4:$D$1510,$B11,'Match Log'!$C$4:$C$1510,Lists!$C$2:$C$26)>0)) -> 10 | L11: =IF($D11=0,"No games",IF(AND($D11>='Guide & Settings'!$C$45,$K11>='Guide & Settings'!$C$46),"Eligible","Provisional")) -> Eligible | M11: =IFERROR(INDEX(Calcs!$C$7:$C$20,MATCH($B11,Calcs!$A$7:$A$20,0)),"") -> 1158.1954 | N11: =MAX($C$5:$C$18)-$C11 -> 245.60973 | O11: =IFERROR(INDEX(Calcs!$H$7:$H$20,MATCH($B11,Calcs!$A$7:$A$20,0)),"") -> L4 | P11: =IFERROR(INDEX(Calcs!$I$7:$I$20,MATCH($B11,Calcs!$A$7:$A$20,0)),"") -> WLLLL | Q11: =IFERROR(IF(INDEX(Calcs!$L$7:$L$20,MATCH($B11,Calcs!$A$7:$A$20,0))>0,"▲"&INDEX(Calcs!$L$7:$L$20,MATCH($B11,Calcs!$A$7:$A$20,0)),IF(INDEX(Calcs!$L$7:$L$20,MATCH($B11,Calcs!$A$7:$A$20,0))<0,"▼"&ABS(INDEX(Calcs!$L$7:$L$20,MATCH($B11,Calcs!$A$7:$A$20,0))),"–")),"") -> – | R11: =IFERROR(IF(INDEX(Calcs!$P$7:$P$20,MATCH($B11,Calcs!$A$7:$A$20,0))=0,"—",TEXT(INDEX(Calcs!$P$7:$P$20,MATCH($B11,Calcs!$A$7:$A$20,0)),"d mmm")),"") -> 2 Oct | S11: =IFERROR(ROUND(INDEX(Calcs!$Q$7:$Q$20,MATCH($B11,Calcs!$A$7:$A$20,0)),1),"") -> 3.1 | T11: =IFERROR(INDEX(Calcs!$T$7:$T$20,MATCH($B11,Calcs!$A$7:$A$20,0)),"") -> At risk | U11: =IFERROR(ROUND(INDEX(Calcs!$R$7:$R$20,MATCH($B11,Calcs!$A$7:$A$20,0))+INDEX(Calcs!$U$7:$U$20,MATCH($B11,Calcs!$A$7:$A$20,0)),0),0) -> 20 | V11: =IFERROR(ROUND(INDEX(Calcs!$S$7:$S$20,MATCH($B11,Calcs!$A$7:$A$20,0)),0),"") -> 1028 | W11: =IFERROR(INDEX(Calcs!$AF$7:$AF$20,MATCH($B11,Calcs!$A$7:$A$20,0)),"") -> Strong | X11: =IFERROR(ROUND(SUMIF('Poker Stake Ledger'!$C$18:$C$137,$B11,'Poker Stake Ledger'!$K$18:$K$137),1),0) -> 0
A12: =ROW()-4 -> 8 | B12: =IFERROR(INDEX(Calcs!$A$7:$A$20,MATCH(LARGE(Calcs!$AI$7:$AI$20,ROW()-4),Calcs!$AI$7:$AI$20,0)),"") -> Dean M | C12: =IFERROR(INDEX(Calcs!$S$7:$S$20,MATCH($B12,Calcs!$A$7:$A$20,0)),"") -> 1017.5489 | D12: =COUNTIF('Match Log'!$D$4:$D$1510,$B12) -> 15 | E12: =COUNTIFS('Match Log'!$D$4:$D$1510,$B12,'Match Log'!$E$4:$E$1510,"Win") -> 7 | F12: =$D12-$E12 -> 8 | G12: =IF($D12=0,"",$E12/$D12) -> 0.46666667 | H12: =SUMIF('Match Log'!$D$4:$D$1510,$B12,'Match Log'!$J$4:$J$1510) -> 28.076161 | I12: =SUMIF('Match Log'!$D$4:$D$1510,$B12,'Match Log'!$K$4:$K$1510) -> 24.472733 | J12: =SUMIF('Match Log'!$D$4:$D$1510,$B12,'Match Log'!$L$4:$L$1510) -> 35 | K12: =SUMPRODUCT(--(COUNTIFS('Match Log'!$D$4:$D$1510,$B12,'Match Log'!$C$4:$C$1510,Lists!$C$2:$C$26)>0)) -> 4 | L12: =IF($D12=0,"No games",IF(AND($D12>='Guide & Settings'!$C$45,$K12>='Guide & Settings'!$C$46),"Eligible","Provisional")) -> Eligible | M12: =IFERROR(INDEX(Calcs!$C$7:$C$20,MATCH($B12,Calcs!$A$7:$A$20,0)),"") -> 1065.4085 | N12: =MAX($C$5:$C$18)-$C12 -> 256.13694 | O12: =IFERROR(INDEX(Calcs!$H$7:$H$20,MATCH($B12,Calcs!$A$7:$A$20,0)),"") -> W1 | P12: =IFERROR(INDEX(Calcs!$I$7:$I$20,MATCH($B12,Calcs!$A$7:$A$20,0)),"") -> LWWLW | Q12: =IFERROR(IF(INDEX(Calcs!$L$7:$L$20,MATCH($B12,Calcs!$A$7:$A$20,0))>0,"▲"&INDEX(Calcs!$L$7:$L$20,MATCH($B12,Calcs!$A$7:$A$20,0)),IF(INDEX(Calcs!$L$7:$L$20,MATCH($B12,Calcs!$A$7:$A$20,0))<0,"▼"&ABS(INDEX(Calcs!$L$7:$L$20,MATCH($B12,Calcs!$A$7:$A$20,0))),"–")),"") -> – | R12: =IFERROR(IF(INDEX(Calcs!$P$7:$P$20,MATCH($B12,Calcs!$A$7:$A$20,0))=0,"—",TEXT(INDEX(Calcs!$P$7:$P$20,MATCH($B12,Calcs!$A$7:$A$20,0)),"d mmm")),"") -> 15 Aug | S12: =IFERROR(ROUND(INDEX(Calcs!$Q$7:$Q$20,MATCH($B12,Calcs!$A$7:$A$20,0)),1),"") -> 10 | T12: =IFERROR(INDEX(Calcs!$T$7:$T$20,MATCH($B12,Calcs!$A$7:$A$20,0)),"") -> Inactive | U12: =IFERROR(ROUND(INDEX(Calcs!$R$7:$R$20,MATCH($B12,Calcs!$A$7:$A$20,0))+INDEX(Calcs!$U$7:$U$20,MATCH($B12,Calcs!$A$7:$A$20,0)),0),0) -> 70 | V12: =IFERROR(ROUND(INDEX(Calcs!$S$7:$S$20,MATCH($B12,Calcs!$A$7:$A$20,0)),0),"") -> 1018 | W12: =IFERROR(INDEX(Calcs!$AF$7:$AF$20,MATCH($B12,Calcs!$A$7:$A$20,0)),"") -> Mid | X12: =IFERROR(ROUND(SUMIF('Poker Stake Ledger'!$C$18:$C$137,$B12,'Poker Stake Ledger'!$K$18:$K$137),1),0) -> 0
A13: =ROW()-4 -> 9 | B13: =IFERROR(INDEX(Calcs!$A$7:$A$20,MATCH(LARGE(Calcs!$AI$7:$AI$20,ROW()-4),Calcs!$AI$7:$AI$20,0)),"") -> Dylan S | C13: =IFERROR(INDEX(Calcs!$S$7:$S$20,MATCH($B13,Calcs!$A$7:$A$20,0)),"") -> 1000 | D13: =COUNTIF('Match Log'!$D$4:$D$1510,$B13) -> 0 | E13: =COUNTIFS('Match Log'!$D$4:$D$1510,$B13,'Match Log'!$E$4:$E$1510,"Win") -> 0 | F13: =$D13-$E13 -> 0 | G13: =IF($D13=0,"",$E13/$D13) | H13: =SUMIF('Match Log'!$D$4:$D$1510,$B13,'Match Log'!$J$4:$J$1510) -> 0 | I13: =SUMIF('Match Log'!$D$4:$D$1510,$B13,'Match Log'!$K$4:$K$1510) -> 0 | J13: =SUMIF('Match Log'!$D$4:$D$1510,$B13,'Match Log'!$L$4:$L$1510) -> 0 | K13: =SUMPRODUCT(--(COUNTIFS('Match Log'!$D$4:$D$1510,$B13,'Match Log'!$C$4:$C$1510,Lists!$C$2:$C$26)>0)) -> 0 | L13: =IF($D13=0,"No games",IF(AND($D13>='Guide & Settings'!$C$45,$K13>='Guide & Settings'!$C$46),"Eligible","Provisional")) -> No games | M13: =IFERROR(INDEX(Calcs!$C$7:$C$20,MATCH($B13,Calcs!$A$7:$A$20,0)),"") | N13: =MAX($C$5:$C$18)-$C13 -> 273.68584 | O13: =IFERROR(INDEX(Calcs!$H$7:$H$20,MATCH($B13,Calcs!$A$7:$A$20,0)),"") | P13: =IFERROR(INDEX(Calcs!$I$7:$I$20,MATCH($B13,Calcs!$A$7:$A$20,0)),"") | Q13: =IFERROR(IF(INDEX(Calcs!$L$7:$L$20,MATCH($B13,Calcs!$A$7:$A$20,0))>0,"▲"&INDEX(Calcs!$L$7:$L$20,MATCH($B13,Calcs!$A$7:$A$20,0)),IF(INDEX(Calcs!$L$7:$L$20,MATCH($B13,Calcs!$A$7:$A$20,0))<0,"▼"&ABS(INDEX(Calcs!$L$7:$L$20,MATCH($B13,Calcs!$A$7:$A$20,0))),"–")),"") -> – | R13: =IFERROR(IF(INDEX(Calcs!$P$7:$P$20,MATCH($B13,Calcs!$A$7:$A$20,0))=0,"—",TEXT(INDEX(Calcs!$P$7:$P$20,MATCH($B13,Calcs!$A$7:$A$20,0)),"d mmm")),"") -> — | S13: =IFERROR(ROUND(INDEX(Calcs!$Q$7:$Q$20,MATCH($B13,Calcs!$A$7:$A$20,0)),1),"") | T13: =IFERROR(INDEX(Calcs!$T$7:$T$20,MATCH($B13,Calcs!$A$7:$A$20,0)),"") -> No games | U13: =IFERROR(ROUND(INDEX(Calcs!$R$7:$R$20,MATCH($B13,Calcs!$A$7:$A$20,0))+INDEX(Calcs!$U$7:$U$20,MATCH($B13,Calcs!$A$7:$A$20,0)),0),0) -> 0 | V13: =IFERROR(ROUND(INDEX(Calcs!$S$7:$S$20,MATCH($B13,Calcs!$A$7:$A$20,0)),0),"") -> 1000 | W13: =IFERROR(INDEX(Calcs!$AF$7:$AF$20,MATCH($B13,Calcs!$A$7:$A$20,0)),"") -> No games | X13: =IFERROR(ROUND(SUMIF('Poker Stake Ledger'!$C$18:$C$137,$B13,'Poker Stake Ledger'!$K$18:$K$137),1),0) -> 0
A14: =ROW()-4 -> 10 | B14: =IFERROR(INDEX(Calcs!$A$7:$A$20,MATCH(LARGE(Calcs!$AI$7:$AI$20,ROW()-4),Calcs!$AI$7:$AI$20,0)),"") -> Oscar | C14: =IFERROR(INDEX(Calcs!$S$7:$S$20,MATCH($B14,Calcs!$A$7:$A$20,0)),"") -> 972.21011 | D14: =COUNTIF('Match Log'!$D$4:$D$1510,$B14) -> 89 | E14: =COUNTIFS('Match Log'!$D$4:$D$1510,$B14,'Match Log'!$E$4:$E$1510,"Win") -> 32 | F14: =$D14-$E14 -> 57 | G14: =IF($D14=0,"",$E14/$D14) -> 0.35955056 | H14: =SUMIF('Match Log'!$D$4:$D$1510,$B14,'Match Log'!$J$4:$J$1510) -> -95.960601 | I14: =SUMIF('Match Log'!$D$4:$D$1510,$B14,'Match Log'!$K$4:$K$1510) -> -54.829289 | J14: =SUMIF('Match Log'!$D$4:$D$1510,$B14,'Match Log'!$L$4:$L$1510) -> 123 | K14: =SUMPRODUCT(--(COUNTIFS('Match Log'!$D$4:$D$1510,$B14,'Match Log'!$C$4:$C$1510,Lists!$C$2:$C$26)>0)) -> 14 | L14: =IF($D14=0,"No games",IF(AND($D14>='Guide & Settings'!$C$45,$K14>='Guide & Settings'!$C$46),"Eligible","Provisional")) -> Eligible | M14: =IFERROR(INDEX(Calcs!$C$7:$C$20,MATCH($B14,Calcs!$A$7:$A$20,0)),"") -> 1184.8267 | N14: =MAX($C$5:$C$18)-$C14 -> 301.47573 | O14: =IFERROR(INDEX(Calcs!$H$7:$H$20,MATCH($B14,Calcs!$A$7:$A$20,0)),"") -> L1 | P14: =IFERROR(INDEX(Calcs!$I$7:$I$20,MATCH($B14,Calcs!$A$7:$A$20,0)),"") -> LWLWL | Q14: =IFERROR(IF(INDEX(Calcs!$L$7:$L$20,MATCH($B14,Calcs!$A$7:$A$20,0))>0,"▲"&INDEX(Calcs!$L$7:$L$20,MATCH($B14,Calcs!$A$7:$A$20,0)),IF(INDEX(Calcs!$L$7:$L$20,MATCH($B14,Calcs!$A$7:$A$20,0))<0,"▼"&ABS(INDEX(Calcs!$L$7:$L$20,MATCH($B14,Calcs!$A$7:$A$20,0))),"–")),"") -> ▲1 | R14: =IFERROR(IF(INDEX(Calcs!$P$7:$P$20,MATCH($B14,Calcs!$A$7:$A$20,0))=0,"—",TEXT(INDEX(Calcs!$P$7:$P$20,MATCH($B14,Calcs!$A$7:$A$20,0)),"d mmm")),"") -> 24 Oct | S14: =IFERROR(ROUND(INDEX(Calcs!$Q$7:$Q$20,MATCH($B14,Calcs!$A$7:$A$20,0)),1),"") -> 0 | T14: =IFERROR(INDEX(Calcs!$T$7:$T$20,MATCH($B14,Calcs!$A$7:$A$20,0)),"") -> Active | U14: =IFERROR(ROUND(INDEX(Calcs!$R$7:$R$20,MATCH($B14,Calcs!$A$7:$A$20,0))+INDEX(Calcs!$U$7:$U$20,MATCH($B14,Calcs!$A$7:$A$20,0)),0),0) -> 0 | V14: =IFERROR(ROUND(INDEX(Calcs!$S$7:$S$20,MATCH($B14,Calcs!$A$7:$A$20,0)),0),"") -> 972 | W14: =IFERROR(INDEX(Calcs!$AF$7:$AF$20,MATCH($B14,Calcs!$A$7:$A$20,0)),"") -> Mid | X14: =IFERROR(ROUND(SUMIF('Poker Stake Ledger'!$C$18:$C$137,$B14,'Poker Stake Ledger'!$K$18:$K$137),1),0) -> 0
A15: =ROW()-4 -> 11 | B15: =IFERROR(INDEX(Calcs!$A$7:$A$20,MATCH(LARGE(Calcs!$AI$7:$AI$20,ROW()-4),Calcs!$AI$7:$AI$20,0)),"") -> Dylan A | C15: =IFERROR(INDEX(Calcs!$S$7:$S$20,MATCH($B15,Calcs!$A$7:$A$20,0)),"") -> 970.50724 | D15: =COUNTIF('Match Log'!$D$4:$D$1510,$B15) -> 17 | E15: =COUNTIFS('Match Log'!$D$4:$D$1510,$B15,'Match Log'!$E$4:$E$1510,"Win") -> 6 | F15: =$D15-$E15 -> 11 | G15: =IF($D15=0,"",$E15/$D15) -> 0.35294118 | H15: =SUMIF('Match Log'!$D$4:$D$1510,$B15,'Match Log'!$J$4:$J$1510) -> -23.658438 | I15: =SUMIF('Match Log'!$D$4:$D$1510,$B15,'Match Log'!$K$4:$K$1510) -> -2.8343216 | J15: =SUMIF('Match Log'!$D$4:$D$1510,$B15,'Match Log'!$L$4:$L$1510) -> 37 | K15: =SUMPRODUCT(--(COUNTIFS('Match Log'!$D$4:$D$1510,$B15,'Match Log'!$C$4:$C$1510,Lists!$C$2:$C$26)>0)) -> 5 | L15: =IF($D15=0,"No games",IF(AND($D15>='Guide & Settings'!$C$45,$K15>='Guide & Settings'!$C$46),"Eligible","Provisional")) -> Eligible | M15: =IFERROR(INDEX(Calcs!$C$7:$C$20,MATCH($B15,Calcs!$A$7:$A$20,0)),"") -> 1115.8129 | N15: =MAX($C$5:$C$18)-$C15 -> 303.1786 | O15: =IFERROR(INDEX(Calcs!$H$7:$H$20,MATCH($B15,Calcs!$A$7:$A$20,0)),"") -> L8 | P15: =IFERROR(INDEX(Calcs!$I$7:$I$20,MATCH($B15,Calcs!$A$7:$A$20,0)),"") -> LLLLL | Q15: =IFERROR(IF(INDEX(Calcs!$L$7:$L$20,MATCH($B15,Calcs!$A$7:$A$20,0))>0,"▲"&INDEX(Calcs!$L$7:$L$20,MATCH($B15,Calcs!$A$7:$A$20,0)),IF(INDEX(Calcs!$L$7:$L$20,MATCH($B15,Calcs!$A$7:$A$20,0))<0,"▼"&ABS(INDEX(Calcs!$L$7:$L$20,MATCH($B15,Calcs!$A$7:$A$20,0))),"–")),"") -> ▼1 | R15: =IFERROR(IF(INDEX(Calcs!$P$7:$P$20,MATCH($B15,Calcs!$A$7:$A$20,0))=0,"—",TEXT(INDEX(Calcs!$P$7:$P$20,MATCH($B15,Calcs!$A$7:$A$20,0)),"d mmm")),"") -> 3 Oct | S15: =IFERROR(ROUND(INDEX(Calcs!$Q$7:$Q$20,MATCH($B15,Calcs!$A$7:$A$20,0)),1),"") -> 3 | T15: =IFERROR(INDEX(Calcs!$T$7:$T$20,MATCH($B15,Calcs!$A$7:$A$20,0)),"") -> At risk | U15: =IFERROR(ROUND(INDEX(Calcs!$R$7:$R$20,MATCH($B15,Calcs!$A$7:$A$20,0))+INDEX(Calcs!$U$7:$U$20,MATCH($B15,Calcs!$A$7:$A$20,0)),0),0) -> 40 | V15: =IFERROR(ROUND(INDEX(Calcs!$S$7:$S$20,MATCH($B15,Calcs!$A$7:$A$20,0)),0),"") -> 971 | W15: =IFERROR(INDEX(Calcs!$AF$7:$AF$20,MATCH($B15,Calcs!$A$7:$A$20,0)),"") -> Mid | X15: =IFERROR(ROUND(SUMIF('Poker Stake Ledger'!$C$18:$C$137,$B15,'Poker Stake Ledger'!$K$18:$K$137),1),0) -> 0
A16: =ROW()-4 -> 12 | B16: =IFERROR(INDEX(Calcs!$A$7:$A$20,MATCH(LARGE(Calcs!$AI$7:$AI$20,ROW()-4),Calcs!$AI$7:$AI$20,0)),"") -> Beau | C16: =IFERROR(INDEX(Calcs!$S$7:$S$20,MATCH($B16,Calcs!$A$7:$A$20,0)),"") -> 879.5176 | D16: =COUNTIF('Match Log'!$D$4:$D$1510,$B16) -> 10 | E16: =COUNTIFS('Match Log'!$D$4:$D$1510,$B16,'Match Log'!$E$4:$E$1510,"Win") -> 5 | F16: =$D16-$E16 -> 5 | G16: =IF($D16=0,"",$E16/$D16) -> 0.5 | H16: =SUMIF('Match Log'!$D$4:$D$1510,$B16,'Match Log'!$J$4:$J$1510) -> -14.562118 | I16: =SUMIF('Match Log'!$D$4:$D$1510,$B16,'Match Log'!$K$4:$K$1510) -> 16.079715 | J16: =SUMIF('Match Log'!$D$4:$D$1510,$B16,'Match Log'!$L$4:$L$1510) -> 28 | K16: =SUMPRODUCT(--(COUNTIFS('Match Log'!$D$4:$D$1510,$B16,'Match Log'!$C$4:$C$1510,Lists!$C$2:$C$26)>0)) -> 3 | L16: =IF($D16=0,"No games",IF(AND($D16>='Guide & Settings'!$C$45,$K16>='Guide & Settings'!$C$46),"Eligible","Provisional")) -> Eligible | M16: =IFERROR(INDEX(Calcs!$C$7:$C$20,MATCH($B16,Calcs!$A$7:$A$20,0)),"") -> 1098.1934 | N16: =MAX($C$5:$C$18)-$C16 -> 394.16824 | O16: =IFERROR(INDEX(Calcs!$H$7:$H$20,MATCH($B16,Calcs!$A$7:$A$20,0)),"") -> L2 | P16: =IFERROR(INDEX(Calcs!$I$7:$I$20,MATCH($B16,Calcs!$A$7:$A$20,0)),"") -> LWWLL | Q16: =IFERROR(IF(INDEX(Calcs!$L$7:$L$20,MATCH($B16,Calcs!$A$7:$A$20,0))>0,"▲"&INDEX(Calcs!$L$7:$L$20,MATCH($B16,Calcs!$A$7:$A$20,0)),IF(INDEX(Calcs!$L$7:$L$20,MATCH($B16,Calcs!$A$7:$A$20,0))<0,"▼"&ABS(INDEX(Calcs!$L$7:$L$20,MATCH($B16,Calcs!$A$7:$A$20,0))),"–")),"") -> – | R16: =IFERROR(IF(INDEX(Calcs!$P$7:$P$20,MATCH($B16,Calcs!$A$7:$A$20,0))=0,"—",TEXT(INDEX(Calcs!$P$7:$P$20,MATCH($B16,Calcs!$A$7:$A$20,0)),"d mmm")),"") -> 15 Jun | S16: =IFERROR(ROUND(INDEX(Calcs!$Q$7:$Q$20,MATCH($B16,Calcs!$A$7:$A$20,0)),1),"") -> 18.7 | T16: =IFERROR(INDEX(Calcs!$T$7:$T$20,MATCH($B16,Calcs!$A$7:$A$20,0)),"") -> Inactive | U16: =IFERROR(ROUND(INDEX(Calcs!$R$7:$R$20,MATCH($B16,Calcs!$A$7:$A$20,0))+INDEX(Calcs!$U$7:$U$20,MATCH($B16,Calcs!$A$7:$A$20,0)),0),0) -> 150 | V16: =IFERROR(ROUND(INDEX(Calcs!$S$7:$S$20,MATCH($B16,Calcs!$A$7:$A$20,0)),0),"") -> 880 | W16: =IFERROR(INDEX(Calcs!$AF$7:$AF$20,MATCH($B16,Calcs!$A$7:$A$20,0)),"") -> Developing | X16: =IFERROR(ROUND(SUMIF('Poker Stake Ledger'!$C$18:$C$137,$B16,'Poker Stake Ledger'!$K$18:$K$137),1),0) -> 0
... A18: =ROW()-4 -> 14 | B18: =IFERROR(INDEX(Calcs!$A$7:$A$20,MATCH(LARGE(Calcs!$AI$7:$AI$20,ROW()-4),Calcs!$AI$7:$AI$20,0)),"") -> Cody | C18: =IFERROR(INDEX(Calcs!$S$7:$S$20,MATCH($B18,Calcs!$A$7:$A$20,0)),"") -> 752.22294 | D18: =COUNTIF('Match Log'!$D$4:$D$1510,$B18) -> 15 | E18: =COUNTIFS('Match Log'!$D$4:$D$1510,$B18,'Match Log'!$E$4:$E$1510,"Win") -> 2 | F18: =$D18-$E18 -> 13 | G18: =IF($D18=0,"",$E18/$D18) -> 0.13333333 | H18: =SUMIF('Match Log'!$D$4:$D$1510,$B18,'Match Log'!$J$4:$J$1510) -> -103.26285 | I18: =SUMIF('Match Log'!$D$4:$D$1510,$B18,'Match Log'!$K$4:$K$1510) -> -42.514202 | J18: =SUMIF('Match Log'!$D$4:$D$1510,$B18,'Match Log'!$L$4:$L$1510) -> 8 | K18: =SUMPRODUCT(--(COUNTIFS('Match Log'!$D$4:$D$1510,$B18,'Match Log'!$C$4:$C$1510,Lists!$C$2:$C$26)>0)) -> 3 | L18: =IF($D18=0,"No games",IF(AND($D18>='Guide & Settings'!$C$45,$K18>='Guide & Settings'!$C$46),"Eligible","Provisional")) -> Eligible | M18: =IFERROR(INDEX(Calcs!$C$7:$C$20,MATCH($B18,Calcs!$A$7:$A$20,0)),"") -> 1128.8014 | N18: =MAX($C$5:$C$18)-$C18 -> 521.46289 | O18: =IFERROR(INDEX(Calcs!$H$7:$H$20,MATCH($B18,Calcs!$A$7:$A$20,0)),"") -> L6 | P18: =IFERROR(INDEX(Calcs!$I$7:$I$20,MATCH($B18,Calcs!$A$7:$A$20,0)),"") -> LLLLL | Q18: =IFERROR(IF(INDEX(Calcs!$L$7:$L$20,MATCH($B18,Calcs!$A$7:$A$20,0))>0,"▲"&INDEX(Calcs!$L$7:$L$20,MATCH($B18,Calcs!$A$7:$A$20,0)),IF(INDEX(Calcs!$L$7:$L$20,MATCH($B18,Calcs!$A$7:$A$20,0))<0,"▼"&ABS(INDEX(Calcs!$L$7:$L$20,MATCH($B18,Calcs!$A$7:$A$20,0))),"–")),"") -> – | R18: =IFERROR(IF(INDEX(Calcs!$P$7:$P$20,MATCH($B18,Calcs!$A$7:$A$20,0))=0,"—",TEXT(INDEX(Calcs!$P$7:$P$20,MATCH($B18,Calcs!$A$7:$A$20,0)),"d mmm")),"") -> 19 Jul | S18: =IFERROR(ROUND(INDEX(Calcs!$Q$7:$Q$20,MATCH($B18,Calcs!$A$7:$A$20,0)),1),"") -> 13.9 | T18: =IFERROR(INDEX(Calcs!$T$7:$T$20,MATCH($B18,Calcs!$A$7:$A$20,0)),"") -> Inactive | U18: =IFERROR(ROUND(INDEX(Calcs!$R$7:$R$20,MATCH($B18,Calcs!$A$7:$A$20,0))+INDEX(Calcs!$U$7:$U$20,MATCH($B18,Calcs!$A$7:$A$20,0)),0),0) -> 110 | V18: =IFERROR(ROUND(INDEX(Calcs!$S$7:$S$20,MATCH($B18,Calcs!$A$7:$A$20,0)),0),"") -> 752 | W18: =IFERROR(INDEX(Calcs!$AF$7:$AF$20,MATCH($B18,Calcs!$A$7:$A$20,0)),"") -> Developing | X18: =IFERROR(ROUND(SUMIF('Poker Stake Ledger'!$C$18:$C$137,$B18,'Poker Stake Ledger'!$K$18:$K$137),1),0) -> 0
A19: FWC Rating = 1000 + Skill Pts + Form Pts + Arena Pts + Poker Stake Pts, less any idle penalty (the Penalty column). Skill is zero-sum, and Form is zero-sum in every game with one winner. Arena rewards turning up to group games. Champion = highest-rated Eligible player who is not Inactive. Weights live on the Guide tab.

Sheet Player Card
A1: PLAYER CARD
A2: Pick any player to see their full story. Everything updates live. ℹ Every column & rule is explained on the Guide & Settings tab.
A3: Player: | B3: Josh | D3: BY SPORT
D4: Sport | E4: Games | F4: Wins | G4: Win % | H4: Sport rating
A5: Rank | B5: =IFERROR(INDEX(Dashboard!$A$5:$A$18,MATCH($B$3,Dashboard!$B$5:$B$18,0)),"") -> 1 | D5: Chess | E5: =COUNTIFS('Match Log'!$D$4:$D$1510,$B$3,'Match Log'!$C$4:$C$1510,$D5) -> 0 | F5: =COUNTIFS('Match Log'!$D$4:$D$1510,$B$3,'Match Log'!$C$4:$C$1510,$D5,'Match Log'!$E$4:$E$1510,"Win") -> 0 | G5: =IF($E5=0,"",$F5/$E5) | H5: =IFERROR(IF($E5=0,"",INDEX('Sport Records'!$B$106:$O$130,MATCH($D5,'Sport Records'!$A$106:$A$130,0),MATCH($B$3,'Sport Records'!$B$105:$O$105,0))),"")
A6: FWC Rating | B6: =IFERROR(INDEX(Dashboard!$C$5:$C$18,MATCH($B$3,Dashboard!$B$5:$B$18,0)),"") -> 1273.6858 | D6: Darts | E6: =COUNTIFS('Match Log'!$D$4:$D$1510,$B$3,'Match Log'!$C$4:$C$1510,$D6) -> 0 | F6: =COUNTIFS('Match Log'!$D$4:$D$1510,$B$3,'Match Log'!$C$4:$C$1510,$D6,'Match Log'!$E$4:$E$1510,"Win") -> 0 | G6: =IF($E6=0,"",$F6/$E6) | H6: =IFERROR(IF($E6=0,"",INDEX('Sport Records'!$B$106:$O$130,MATCH($D6,'Sport Records'!$A$106:$A$130,0),MATCH($B$3,'Sport Records'!$B$105:$O$105,0))),"")
A7: Tier | B7: =IFERROR(INDEX(Calcs!$AF$7:$AF$20,MATCH($B$3,Calcs!$A$7:$A$20,0)),"") -> Elite | D7: FIFA | E7: =COUNTIFS('Match Log'!$D$4:$D$1510,$B$3,'Match Log'!$C$4:$C$1510,$D7) -> 1 | F7: =COUNTIFS('Match Log'!$D$4:$D$1510,$B$3,'Match Log'!$C$4:$C$1510,$D7,'Match Log'!$E$4:$E$1510,"Win") -> 0 | G7: =IF($E7=0,"",$F7/$E7) -> 0 | H7: =IFERROR(IF($E7=0,"",INDEX('Sport Records'!$B$106:$O$130,MATCH($D7,'Sport Records'!$A$106:$A$130,0),MATCH($B$3,'Sport Records'!$B$105:$O$105,0))),"") -> 984
A8: Record (W–L) | B8: =IFERROR(INDEX(Dashboard!$E$5:$E$18,MATCH($B$3,Dashboard!$B$5:$B$18,0))&"–"&INDEX(Dashboard!$F$5:$F$18,MATCH($B$3,Dashboard!$B$5:$B$18,0)),"") -> 40–25 | D8: Golf | E8: =COUNTIFS('Match Log'!$D$4:$D$1510,$B$3,'Match Log'!$C$4:$C$1510,$D8) -> 0 | F8: =COUNTIFS('Match Log'!$D$4:$D$1510,$B$3,'Match Log'!$C$4:$C$1510,$D8,'Match Log'!$E$4:$E$1510,"Win") -> 0 | G8: =IF($E8=0,"",$F8/$E8) | H8: =IFERROR(IF($E8=0,"",INDEX('Sport Records'!$B$106:$O$130,MATCH($D8,'Sport Records'!$A$106:$A$130,0),MATCH($B$3,'Sport Records'!$B$105:$O$105,0))),"")
A9: Win % | B9: =IFERROR(INDEX(Dashboard!$G$5:$G$18,MATCH($B$3,Dashboard!$B$5:$B$18,0)),"") -> 0.61538462 | D9: Pool | E9: =COUNTIFS('Match Log'!$D$4:$D$1510,$B$3,'Match Log'!$C$4:$C$1510,$D9) -> 5 | F9: =COUNTIFS('Match Log'!$D$4:$D$1510,$B$3,'Match Log'!$C$4:$C$1510,$D9,'Match Log'!$E$4:$E$1510,"Win") -> 3 | G9: =IF($E9=0,"",$F9/$E9) -> 0.6 | H9: =IFERROR(IF($E9=0,"",INDEX('Sport Records'!$B$106:$O$130,MATCH($D9,'Sport Records'!$A$106:$A$130,0),MATCH($B$3,'Sport Records'!$B$105:$O$105,0))),"") -> 1016.8704
A10: Games | B10: =IFERROR(INDEX(Dashboard!$D$5:$D$18,MATCH($B$3,Dashboard!$B$5:$B$18,0)),"") -> 65 | D10: Kelly Pool | E10: =COUNTIFS('Match Log'!$D$4:$D$1510,$B$3,'Match Log'!$C$4:$C$1510,$D10) -> 1 | F10: =COUNTIFS('Match Log'!$D$4:$D$1510,$B$3,'Match Log'!$C$4:$C$1510,$D10,'Match Log'!$E$4:$E$1510,"Win") -> 0 | G10: =IF($E10=0,"",$F10/$E10) -> 0 | H10: =IFERROR(IF($E10=0,"",INDEX('Sport Records'!$B$106:$O$130,MATCH($D10,'Sport Records'!$A$106:$A$130,0),MATCH($B$3,'Sport Records'!$B$105:$O$105,0))),"") -> 997.71429
A11: Sports played | B11: =IFERROR(INDEX(Dashboard!$K$5:$K$18,MATCH($B$3,Dashboard!$B$5:$B$18,0)),"") -> 15 | D11: Target | E11: =COUNTIFS('Match Log'!$D$4:$D$1510,$B$3,'Match Log'!$C$4:$C$1510,$D11) -> 0 | F11: =COUNTIFS('Match Log'!$D$4:$D$1510,$B$3,'Match Log'!$C$4:$C$1510,$D11,'Match Log'!$E$4:$E$1510,"Win") -> 0 | G11: =IF($E11=0,"",$F11/$E11) | H11: =IFERROR(IF($E11=0,"",INDEX('Sport Records'!$B$106:$O$130,MATCH($D11,'Sport Records'!$A$106:$A$130,0),MATCH($B$3,'Sport Records'!$B$105:$O$105,0))),"")
A12: Strength of schedule | B12: =IFERROR(INDEX(Calcs!$C$7:$C$20,MATCH($B$3,Calcs!$A$7:$A$20,0)),"") -> 1137.537 | D12: Snooker | E12: =COUNTIFS('Match Log'!$D$4:$D$1510,$B$3,'Match Log'!$C$4:$C$1510,$D12) -> 0 | F12: =COUNTIFS('Match Log'!$D$4:$D$1510,$B$3,'Match Log'!$C$4:$C$1510,$D12,'Match Log'!$E$4:$E$1510,"Win") -> 0 | G12: =IF($E12=0,"",$F12/$E12) | H12: =IFERROR(IF($E12=0,"",INDEX('Sport Records'!$B$106:$O$130,MATCH($D12,'Sport Records'!$A$106:$A$130,0),MATCH($B$3,'Sport Records'!$B$105:$O$105,0))),"")
A13: Current streak | B13: =IFERROR(INDEX(Calcs!$H$7:$H$20,MATCH($B$3,Calcs!$A$7:$A$20,0)),"") -> W6 | D13: Putt Putt | E13: =COUNTIFS('Match Log'!$D$4:$D$1510,$B$3,'Match Log'!$C$4:$C$1510,$D13) -> 2 | F13: =COUNTIFS('Match Log'!$D$4:$D$1510,$B$3,'Match Log'!$C$4:$C$1510,$D13,'Match Log'!$E$4:$E$1510,"Win") -> 2 | G13: =IF($E13=0,"",$F13/$E13) -> 1 | H13: =IFERROR(IF($E13=0,"",INDEX('Sport Records'!$B$106:$O$130,MATCH($D13,'Sport Records'!$A$106:$A$130,0),MATCH($B$3,'Sport Records'!$B$105:$O$105,0))),"") -> 1031.2637
A14: Form (last 5) | B14: =IFERROR(INDEX(Calcs!$I$7:$I$20,MATCH($B$3,Calcs!$A$7:$A$20,0)),"") -> WWWWW | D14: Back Yard Putt Putt | E14: =COUNTIFS('Match Log'!$D$4:$D$1510,$B$3,'Match Log'!$C$4:$C$1510,$D14) -> 0 | F14: =COUNTIFS('Match Log'!$D$4:$D$1510,$B$3,'Match Log'!$C$4:$C$1510,$D14,'Match Log'!$E$4:$E$1510,"Win") -> 0 | G14: =IF($E14=0,"",$F14/$E14) | H14: =IFERROR(IF($E14=0,"",INDEX('Sport Records'!$B$106:$O$130,MATCH($D14,'Sport Records'!$A$106:$A$130,0),MATCH($B$3,'Sport Records'!$B$105:$O$105,0))),"")
A15: Points behind leader | B15: =IFERROR(INDEX(Dashboard!$N$5:$N$18,MATCH($B$3,Dashboard!$B$5:$B$18,0)),"") -> 0 | D15: Sting Pong | E15: =COUNTIFS('Match Log'!$D$4:$D$1510,$B$3,'Match Log'!$C$4:$C$1510,$D15) -> 0 | F15: =COUNTIFS('Match Log'!$D$4:$D$1510,$B$3,'Match Log'!$C$4:$C$1510,$D15,'Match Log'!$E$4:$E$1510,"Win") -> 0 | G15: =IF($E15=0,"",$F15/$E15) | H15: =IFERROR(IF($E15=0,"",INDEX('Sport Records'!$B$106:$O$130,MATCH($D15,'Sport Records'!$A$106:$A$130,0),MATCH($B$3,'Sport Records'!$B$105:$O$105,0))),"")
A16: Status | B16: =IFERROR(INDEX(Dashboard!$L$5:$L$18,MATCH($B$3,Dashboard!$B$5:$B$18,0)),"") -> Eligible | D16: Table Tennis | E16: =COUNTIFS('Match Log'!$D$4:$D$1510,$B$3,'Match Log'!$C$4:$C$1510,$D16) -> 15 | F16: =COUNTIFS('Match Log'!$D$4:$D$1510,$B$3,'Match Log'!$C$4:$C$1510,$D16,'Match Log'!$E$4:$E$1510,"Win") -> 13 | G16: =IF($E16=0,"",$F16/$E16) -> 0.86666667 | H16: =IFERROR(IF($E16=0,"",INDEX('Sport Records'!$B$106:$O$130,MATCH($D16,'Sport Records'!$A$106:$A$130,0),MATCH($B$3,'Sport Records'!$B$105:$O$105,0))),"") -> 1109.0219
A17: Last played / status | B17: =IFERROR(TEXT(INDEX(Calcs!$P$7:$P$20,MATCH($B$3,Calcs!$A$7:$A$20,0)),"d mmm")&" · "&INDEX(Calcs!$T$7:$T$20,MATCH($B$3,Calcs!$A$7:$A$20,0)),"") -> 8 Oct · At risk | D17: Mario Party | E17: =COUNTIFS('Match Log'!$D$4:$D$1510,$B$3,'Match Log'!$C$4:$C$1510,$D17) -> 1 | F17: =COUNTIFS('Match Log'!$D$4:$D$1510,$B$3,'Match Log'!$C$4:$C$1510,$D17,'Match Log'!$E$4:$E$1510,"Win") -> 0 | G17: =IF($E17=0,"",$F17/$E17) -> 0 | H17: =IFERROR(IF($E17=0,"",INDEX('Sport Records'!$B$106:$O$130,MATCH($D17,'Sport Records'!$A$106:$A$130,0),MATCH($B$3,'Sport Records'!$B$105:$O$105,0))),"") -> 985.4191
A18: HIGHLIGHTS | D18: Mario Kart | E18: =COUNTIFS('Match Log'!$D$4:$D$1510,$B$3,'Match Log'!$C$4:$C$1510,$D18) -> 7 | F18: =COUNTIFS('Match Log'!$D$4:$D$1510,$B$3,'Match Log'!$C$4:$C$1510,$D18,'Match Log'!$E$4:$E$1510,"Win") -> 6 | G18: =IF($E18=0,"",$F18/$E18) -> 0.85714286 | H18: =IFERROR(IF($E18=0,"",INDEX('Sport Records'!$B$106:$O$130,MATCH($D18,'Sport Records'!$A$106:$A$130,0),MATCH($B$3,'Sport Records'!$B$105:$O$105,0))),"") -> 1055.4776
A19: Best sport (rating) | B19: =IFERROR(INDEX($D$5:$D$29,MATCH(MAX($H$5:$H$29),$H$5:$H$29,0)),"") -> Table Tennis | D19: Go Karting | E19: =COUNTIFS('Match Log'!$D$4:$D$1510,$B$3,'Match Log'!$C$4:$C$1510,$D19) -> 0 | F19: =COUNTIFS('Match Log'!$D$4:$D$1510,$B$3,'Match Log'!$C$4:$C$1510,$D19,'Match Log'!$E$4:$E$1510,"Win") -> 0 | G19: =IF($E19=0,"",$F19/$E19) | H19: =IFERROR(IF($E19=0,"",INDEX('Sport Records'!$B$106:$O$130,MATCH($D19,'Sport Records'!$A$106:$A$130,0),MATCH($B$3,'Sport Records'!$B$105:$O$105,0))),"")
A20: Most-played sport | B20: =IFERROR(INDEX($D$5:$D$29,MATCH(MAX($E$5:$E$29),$E$5:$E$29,0)),"") -> Table Tennis | D20: Call of Duty | E20: =COUNTIFS('Match Log'!$D$4:$D$1510,$B$3,'Match Log'!$C$4:$C$1510,$D20) -> 0 | F20: =COUNTIFS('Match Log'!$D$4:$D$1510,$B$3,'Match Log'!$C$4:$C$1510,$D20,'Match Log'!$E$4:$E$1510,"Win") -> 0 | G20: =IF($E20=0,"",$F20/$E20) | H20: =IFERROR(IF($E20=0,"",INDEX('Sport Records'!$B$106:$O$130,MATCH($D20,'Sport Records'!$A$106:$A$130,0),MATCH($B$3,'Sport Records'!$B$105:$O$105,0))),"")
D21: Poker | E21: =COUNTIFS('Match Log'!$D$4:$D$1510,$B$3,'Match Log'!$C$4:$C$1510,$D21) -> 2 | F21: =COUNTIFS('Match Log'!$D$4:$D$1510,$B$3,'Match Log'!$C$4:$C$1510,$D21,'Match Log'!$E$4:$E$1510,"Win") -> 2 | G21: =IF($E21=0,"",$F21/$E21) -> 1 | H21: =IFERROR(IF($E21=0,"",INDEX('Sport Records'!$B$106:$O$130,MATCH($D21,'Sport Records'!$A$106:$A$130,0),MATCH($B$3,'Sport Records'!$B$105:$O$105,0))),"") -> 1031.1719
A22: ATHLETE INDEX · what drives the tier | D22: ShuffleBoard | E22: =COUNTIFS('Match Log'!$D$4:$D$1510,$B$3,'Match Log'!$C$4:$C$1510,$D22) -> 8 | F22: =COUNTIFS('Match Log'!$D$4:$D$1510,$B$3,'Match Log'!$C$4:$C$1510,$D22,'Match Log'!$E$4:$E$1510,"Win") -> 3 | G22: =IF($E22=0,"",$F22/$E22) -> 0.375 | H22: =IFERROR(IF($E22=0,"",INDEX('Sport Records'!$B$106:$O$130,MATCH($D22,'Sport Records'!$A$106:$A$130,0),MATCH($B$3,'Sport Records'!$B$105:$O$105,0))),"") -> 980.52722
A23: Overall Index | B23: =IFERROR(ROUND(INDEX(Calcs!$AB$7:$AB$20,MATCH($B$3,Calcs!$A$7:$A$20,0)),0),"") -> 91 | D23: Mario Golf | E23: =COUNTIFS('Match Log'!$D$4:$D$1510,$B$3,'Match Log'!$C$4:$C$1510,$D23) -> 4 | F23: =COUNTIFS('Match Log'!$D$4:$D$1510,$B$3,'Match Log'!$C$4:$C$1510,$D23,'Match Log'!$E$4:$E$1510,"Win") -> 2 | G23: =IF($E23=0,"",$F23/$E23) -> 0.5 | H23: =IFERROR(IF($E23=0,"",INDEX('Sport Records'!$B$106:$O$130,MATCH($D23,'Sport Records'!$A$106:$A$130,0),MATCH($B$3,'Sport Records'!$B$105:$O$105,0))),"") -> 996.43763
A24: Skill (35%) | B24: =IFERROR(ROUND(INDEX(Calcs!$W$7:$W$20,MATCH($B$3,Calcs!$A$7:$A$20,0)),0),"") -> 100 | D24: HORSE - Basketball | E24: =COUNTIFS('Match Log'!$D$4:$D$1510,$B$3,'Match Log'!$C$4:$C$1510,$D24) -> 0 | F24: =COUNTIFS('Match Log'!$D$4:$D$1510,$B$3,'Match Log'!$C$4:$C$1510,$D24,'Match Log'!$E$4:$E$1510,"Win") -> 0 | G24: =IF($E24=0,"",$F24/$E24) | H24: =IFERROR(IF($E24=0,"",INDEX('Sport Records'!$B$106:$O$130,MATCH($D24,'Sport Records'!$A$106:$A$130,0),MATCH($B$3,'Sport Records'!$B$105:$O$105,0))),"")
A25: Win rate (20%) | B25: =IFERROR(ROUND(INDEX(Calcs!$X$7:$X$20,MATCH($B$3,Calcs!$A$7:$A$20,0)),0),"") -> 62 | D25: Car racing arcade | E25: =COUNTIFS('Match Log'!$D$4:$D$1510,$B$3,'Match Log'!$C$4:$C$1510,$D25) -> 4 | F25: =COUNTIFS('Match Log'!$D$4:$D$1510,$B$3,'Match Log'!$C$4:$C$1510,$D25,'Match Log'!$E$4:$E$1510,"Win") -> 1 | G25: =IF($E25=0,"",$F25/$E25) -> 0.25 | H25: =IFERROR(IF($E25=0,"",INDEX('Sport Records'!$B$106:$O$130,MATCH($D25,'Sport Records'!$A$106:$A$130,0),MATCH($B$3,'Sport Records'!$B$105:$O$105,0))),"") -> 973.09902
A26: Versatility (20%) | B26: =IFERROR(ROUND(INDEX(Calcs!$Y$7:$Y$20,MATCH($B$3,Calcs!$A$7:$A$20,0)),0),"") -> 100 | D26: Shooting game arcade | E26: =COUNTIFS('Match Log'!$D$4:$D$1510,$B$3,'Match Log'!$C$4:$C$1510,$D26) -> 2 | F26: =COUNTIFS('Match Log'!$D$4:$D$1510,$B$3,'Match Log'!$C$4:$C$1510,$D26,'Match Log'!$E$4:$E$1510,"Win") -> 1 | G26: =IF($E26=0,"",$F26/$E26) -> 0.5 | H26: =IFERROR(IF($E26=0,"",INDEX('Sport Records'!$B$106:$O$130,MATCH($D26,'Sport Records'!$A$106:$A$130,0),MATCH($B$3,'Sport Records'!$B$105:$O$105,0))),"") -> 999.26369
A27: Form (15%) | B27: =IFERROR(ROUND(INDEX(Calcs!$Z$7:$Z$20,MATCH($B$3,Calcs!$A$7:$A$20,0)),0),"") -> 100 | D27: Cards | E27: =COUNTIFS('Match Log'!$D$4:$D$1510,$B$3,'Match Log'!$C$4:$C$1510,$D27) -> 5 | F27: =COUNTIFS('Match Log'!$D$4:$D$1510,$B$3,'Match Log'!$C$4:$C$1510,$D27,'Match Log'!$E$4:$E$1510,"Win") -> 3 | G27: =IF($E27=0,"",$F27/$E27) -> 0.6 | H27: =IFERROR(IF($E27=0,"",INDEX('Sport Records'!$B$106:$O$130,MATCH($D27,'Sport Records'!$A$106:$A$130,0),MATCH($B$3,'Sport Records'!$B$105:$O$105,0))),"") -> 1013.6658
A28: Strength of schedule (10%) | B28: =IFERROR(ROUND(INDEX(Calcs!$AA$7:$AA$20,MATCH($B$3,Calcs!$A$7:$A$20,0)),0),"") -> 84 | D28: Air Hockey | E28: =COUNTIFS('Match Log'!$D$4:$D$1510,$B$3,'Match Log'!$C$4:$C$1510,$D28) -> 3 | F28: =COUNTIFS('Match Log'!$D$4:$D$1510,$B$3,'Match Log'!$C$4:$C$1510,$D28,'Match Log'!$E$4:$E$1510,"Win") -> 2 | G28: =IF($E28=0,"",$F28/$E28) -> 0.66666667 | H28: =IFERROR(IF($E28=0,"",INDEX('Sport Records'!$B$106:$O$130,MATCH($D28,'Sport Records'!$A$106:$A$130,0),MATCH($B$3,'Sport Records'!$B$105:$O$105,0))),"") -> 1014.6658
D29: Basketball arcade | E29: =COUNTIFS('Match Log'!$D$4:$D$1510,$B$3,'Match Log'!$C$4:$C$1510,$D29) -> 5 | F29: =COUNTIFS('Match Log'!$D$4:$D$1510,$B$3,'Match Log'!$C$4:$C$1510,$D29,'Match Log'!$E$4:$E$1510,"Win") -> 2 | G29: =IF($E29=0,"",$F29/$E29) -> 0.4 | H29: =IFERROR(IF($E29=0,"",INDEX('Sport Records'!$B$106:$O$130,MATCH($D29,'Sport Records'!$A$106:$A$130,0),MATCH($B$3,'Sport Records'!$B$105:$O$105,0))),"") -> 992.05375

Sheet Head-to-Head
A1: HEAD-TO-HEAD
A2: Top grid: each cell = ROW player's win % vs the COLUMN player in games DECIDED between them, plus the number of decided games (e.g. '53% of 17' = won 53% of 17 decided games). Blank = no decided games. ℹ Every column & rule is explained on the Guide & Settings tab.
A3: Bottom grid: total games the two have played in together (any sport, including multiplayer).
A4: WIN % | B4: Aaron | C4: Beau | D4: Chase | E4: David | F4: Josh | G4: Shawn | H4: Simon | I4: Daniel (Ferret) | J4: Dean B | K4: Cody | L4: Oscar | M4: Dean M | N4: Dylan A | O4: Dylan S
A5: Aaron | B5: =IF($A5=B$4,"—",IF((SUMPRODUCT(('Match Log'!$D$4:$D$1510=$A5)*('Match Log'!$E$4:$E$1510="Win")*COUNTIFS('Match Log'!$A$4:$A$1510,'Match Log'!$A$4:$A$1510,'Match Log'!$D$4:$D$1510,B$4,'Match Log'!$E$4:$E$1510,"Loss"))+SUMPRODUCT(('Match Log'!$D$4:$D$1510=B$4)*('Match Log'!$E$4:$E$1510="Win")*COUNTIFS('Match Log'!$A$4:$A$1510,'Match Log'!$A$4:$A$1510,'Match Log'!$D$4:$D$1510,$A5,'Match Log'!$E$4:$E$1510,"Loss")))=0,"",TEXT(SUMPRODUCT(('Match Log'!$D$4:$D$1510=$A5)*('Match Log'!$E$4:$E$1510="Win")*COUNTIFS('Match Log'!$A$4:$A$1510,'Match Log'!$A$4:$A$1510,'Match Log'!$D$4:$D$1510,B$4,'Match Log'!$E$4:$E$1510,"Loss"))/(SUMPRODUCT(('Match Log'!$D$4:$D$1510=$A5)*('Match Log'!$E$4:$E$1510="Win")*COUNTIFS('Match Log'!$A$4:$A$1510,'Match Log'!$A$4:$A$1510,'Match Log'!$D$4:$D$1510,B$4,'Match Log'!$E$4:$E$1510,"Loss"))+SUMPRODUCT(('Match Log'!$D$4:$D$1510=B$4)*('Match Log'!$E$4:$E$1510="Win")*COUNTIFS('Match Log'!$A$4:$A$1510,'Match Log'!$A$4:$A$1510,'Match Log'!$D$4:$D$1510,$A5,'Match Log'!$E$4:$E$1510,"Loss"))),"0%")&" of "&(SUMPRODUCT(('Match Log'!$D$4:$D$1510=$A5)*('Match Log'!$E$4:$E$1510="Win")*COUNTIFS('Match Log'!$A$4:$A$1510,'Match Log'!$A$4:$A$1510,'Match Log'!$D$4:$D$1510,B$4,'Match Log'!$E$4:$E$1510,"Loss"))+SUMPRODUCT(('Match Log'!$D$4:$D$1510=B$4)*('Match Log'!$E$4:$E$1510="Win")*COUNTIFS('Match Log'!$A$4:$A$1510,'Match Log'!$A$4:$A$1510,'Match Log'!$D$4:$D$1510,$A5,'Match Log'!$E$4:$E$1510,"Loss"))))) -> — | C5: =IF($A5=C$4,"—",IF((SUMPRODUCT(('Match Log'!$D$4:$D$1510=$A5)*('Match Log'!$E$4:$E$1510="Win")*COUNTIFS('Match Log'!$A$4:$A$1510,'Match Log'!$A$4:$A$1510,'Match Log'!$D$4:$D$1510,C$4,'Match Log'!$E$4:$E$1510,"Loss"))+SUMPRODUCT(('Match Log'!$D$4:$D$1510=C$4)*('Match Log'!$E$4:$E$1510="Win")*COUNTIFS('Match Log'!$A$4:$A$1510,'Match Log'!$A$4:$A$1510,'Match Log'!$D$4:$D$1510,$A5,'Match Log'!$E$4:$E$1510,"Loss")))=0,"",TEXT(SUMPRODUCT(('Match Log'!$D$4:$D$1510=$A5)*('Match Log'!$E$4:$E$1510="Win")*COUNTIFS('Match Log'!$A$4:$A$1510,'Match Log'!$A$4:$A$1510,'Match Log'!$D$4:$D$1510,C$4,'Match Log'!$E$4:$E$1510,"Loss"))/(SUMPRODUCT(('Match Log'!$D$4:$D$1510=$A5)*('Match Log'!$E$4:$E$1510="Win")*COUNTIFS('Match Log'!$A$4:$A$1510,'Match Log'!$A$4:$A$1510,'Match Log'!$D$4:$D$1510,C$4,'Match Log'!$E$4:$E$1510,"Loss"))+SUMPRODUCT(('Match Log'!$D$4:$D$1510=C$4)*('Match Log'!$E$4:$E$1510="Win")*COUNTIFS('Match Log'!$A$4:$A$1510,'Match Log'!$A$4:$A$1510,'Match Log'!$D$4:$D$1510,$A5,'Match Log'!$E$4:$E$1510,"Loss"))),"0%")&" of "&(SUMPRODUCT(('Match Log'!$D$4:$D$1510=$A5)*('Match Log'!$E$4:$E$1510="Win")*COUNTIFS('Match Log'!$A$4:$A$1510,'Match Log'!$A$4:$A$1510,'Match Log'!$D$4:$D$1510,C$4,'Match Log'!$E$4:$E$1510,"Loss"))+SUMPRODUCT(('Match Log'!$D$4:$D$1510=C$4)*('Match Log'!$E$4:$E$1510="Win")*COUNTIFS('Match Log'!$A$4:$A$1510,'Match Log'!$A$4:$A$1510,'Match Log'!$D$4:$D$1510,$A5,'Match Log'!$E$4:$E$1510,"Loss"))))) | D5: =IF($A5=D$4,"—",IF((SUMPRODUCT(('Match Log'!$D$4:$D$1510=$A5)*('Match Log'!$E$4:$E$1510="Win")*COUNTIFS('Match Log'!$A$4:$A$1510,'Match Log'!$A$4:$A$1510,'Match Log'!$D$4:$D$1510,D$4,'Match Log'!$E$4:$E$1510,"Loss"))+SUMPRODUCT(('Match Log'!$D$4:$D$1510=D$4)*('Match Log'!$E$4:$E$1510="Win")*COUNTIFS('Match Log'!$A$4:$A$1510,'Match Log'!$A$4:$A$1510,'Match Log'!$D$4:$D$1510,$A5,'Match Log'!$E$4:$E$1510,"Loss")))=0,"",TEXT(SUMPRODUCT(('Match Log'!$D$4:$D$1510=$A5)*('Match Log'!$E$4:$E$1510="Win")*COUNTIFS('Match Log'!$A$4:$A$1510,'Match Log'!$A$4:$A$1510,'Match Log'!$D$4:$D$1510,D$4,'Match Log'!$E$4:$E$1510,"Loss"))/(SUMPRODUCT(('Match Log'!$D$4:$D$1510=$A5)*('Match Log'!$E$4:$E$1510="Win")*COUNTIFS('Match Log'!$A$4:$A$1510,'Match Log'!$A$4:$A$1510,'Match Log'!$D$4:$D$1510,D$4,'Match Log'!$E$4:$E$1510,"Loss"))+SUMPRODUCT(('Match Log'!$D$4:$D$1510=D$4)*('Match Log'!$E$4:$E$1510="Win")*COUNTIFS('Match Log'!$A$4:$A$1510,'Match Log'!$A$4:$A$1510,'Match Log'!$D$4:$D$1510,$A5,'Match Log'!$E$4:$E$1510,"Loss"))),"0%")&" of "&(SUMPRODUCT(('Match Log'!$D$4:$D$1510=$A5)*('Match Log'!$E$4:$E$1510="Win")*COUNTIFS('Match Log'!$A$4:$A$1510,'Match Log'!$A$4:$A$1510,'Match Log'!$D$4:$D$1510,D$4,'Match Log'!$E$4:$E$1510,"Loss"))+SUMPRODUCT(('Match Log'!$D$4:$D$1510=D$4)*('Match Log'!$E$4:$E$1510="Win")*COUNTIFS('Match Log'!$A$4:$A$1510,'Match Log'!$A$4:$A$1510,'Match Log'!$D$4:$D$1510,$A5,'Match Log'!$E$4:$E$1510,"Loss"))))) -> 75% of 4 | E5: =IF($A5=E$4,"—",IF((SUMPRODUCT(('Match Log'!$D$4:$D$1510=$A5)*('Match Log'!$E$4:$E$1510="Win")*COUNTIFS('Match Log'!$A$4:$A$1510,'Match Log'!$A$4:$A$1510,'Match Log'!$D$4:$D$1510,E$4,'Match Log'!$E$4:$E$1510,"Loss"))+SUMPRODUCT(('Match Log'!$D$4:$D$1510=E$4)*('Match Log'!$E$4:$E$1510="Win")*COUNTIFS('Match Log'!$A$4:$A$1510,'Match Log'!$A$4:$A$1510,'Match Log'!$D$4:$D$1510,$A5,'Match Log'!$E$4:$E$1510,"Loss")))=0,"",TEXT(SUMPRODUCT(('Match Log'!$D$4:$D$1510=$A5)*('Match Log'!$E$4:$E$1510="Win")*COUNTIFS('Match Log'!$A$4:$A$1510,'Match Log'!$A$4:$A$1510,'Match Log'!$D$4:$D$1510,E$4,'Match Log'!$E$4:$E$1510,"Loss"))/(SUMPRODUCT(('Match Log'!$D$4:$D$1510=$A5)*('Match Log'!$E$4:$E$1510="Win")*COUNTIFS('Match Log'!$A$4:$A$1510,'Match Log'!$A$4:$A$1510,'Match Log'!$D$4:$D$1510,E$4,'Match Log'!$E$4:$E$1510,"Loss"))+SUMPRODUCT(('Match Log'!$D$4:$D$1510=E$4)*('Match Log'!$E$4:$E$1510="Win")*COUNTIFS('Match Log'!$A$4:$A$1510,'Match Log'!$A$4:$A$1510,'Match Log'!$D$4:$D$1510,$A5,'Match Log'!$E$4:$E$1510,"Loss"))),"0%")&" of "&(SUMPRODUCT(('Match Log'!$D$4:$D$1510=$A5)*('Match Log'!$E$4:$E$1510="Win")*COUNTIFS('Match Log'!$A$4:$A$1510,'Match Log'!$A$4:$A$1510,'Match Log'!$D$4:$D$1510,E$4,'Match Log'!$E$4:$E$1510,"Loss"))+SUMPRODUCT(('Match Log'!$D$4:$D$1510=E$4)*('Match Log'!$E$4:$E$1510="Win")*COUNTIFS('Match Log'!$A$4:$A$1510,'Match Log'!$A$4:$A$1510,'Match Log'!$D$4:$D$1510,$A5,'Match Log'!$E$4:$E$1510,"Loss"))))) -> 71% of 7 | F5: =IF($A5=F$4,"—",IF((SUMPRODUCT(('Match Log'!$D$4:$D$1510=$A5)*('Match Log'!$E$4:$E$1510="Win")*COUNTIFS('Match Log'!$A$4:$A$1510,'Match Log'!$A$4:$A$1510,'Match Log'!$D$4:$D$1510,F$4,'Match Log'!$E$4:$E$1510,"Loss"))+SUMPRODUCT(('Match Log'!$D$4:$D$1510=F$4)*('Match Log'!$E$4:$E$1510="Win")*COUNTIFS('Match Log'!$A$4:$A$1510,'Match Log'!$A$4:$A$1510,'Match Log'!$D$4:$D$1510,$A5,'Match Log'!$E$4:$E$1510,"Loss")))=0,"",TEXT(SUMPRODUCT(('Match Log'!$D$4:$D$1510=$A5)*('Match Log'!$E$4:$E$1510="Win")*COUNTIFS('Match Log'!$A$4:$A$1510,'Match Log'!$A$4:$A$1510,'Match Log'!$D$4:$D$1510,F$4,'Match Log'!$E$4:$E$1510,"Loss"))/(SUMPRODUCT(('Match Log'!$D$4:$D$1510=$A5)*('Match Log'!$E$4:$E$1510="Win")*COUNTIFS('Match Log'!$A$4:$A$1510,'Match Log'!$A$4:$A$1510,'Match Log'!$D$4:$D$1510,F$4,'Match Log'!$E$4:$E$1510,"Loss"))+SUMPRODUCT(('Match Log'!$D$4:$D$1510=F$4)*('Match Log'!$E$4:$E$1510="Win")*COUNTIFS('Match Log'!$A$4:$A$1510,'Match Log'!$A$4:$A$1510,'Match Log'!$D$4:$D$1510,$A5,'Match Log'!$E$4:$E$1510,"Loss"))),"0%")&" of "&(SUMPRODUCT(('Match Log'!$D$4:$D$1510=$A5)*('Match Log'!$E$4:$E$1510="Win")*COUNTIFS('Match Log'!$A$4:$A$1510,'Match Log'!$A$4:$A$1510,'Match Log'!$D$4:$D$1510,F$4,'Match Log'!$E$4:$E$1510,"Loss"))+SUMPRODUCT(('Match Log'!$D$4:$D$1510=F$4)*('Match Log'!$E$4:$E$1510="Win")*COUNTIFS('Match Log'!$A$4:$A$1510,'Match Log'!$A$4:$A$1510,'Match Log'!$D$4:$D$1510,$A5,'Match Log'!$E$4:$E$1510,"Loss"))))) -> 67% of 3 | G5: =IF($A5=G$4,"—",IF((SUMPRODUCT(('Match Log'!$D$4:$D$1510=$A5)*('Match Log'!$E$4:$E$1510="Win")*COUNTIFS('Match Log'!$A$4:$A$1510,'Match Log'!$A$4:$A$1510,'Match Log'!$D$4:$D$1510,G$4,'Match Log'!$E$4:$E$1510,"Loss"))+SUMPRODUCT(('Match Log'!$D$4:$D$1510=G$4)*('Match Log'!$E$4:$E$1510="Win")*COUNTIFS('Match Log'!$A$4:$A$1510,'Match Log'!$A$4:$A$1510,'Match Log'!$D$4:$D$1510,$A5,'Match Log'!$E$4:$E$1510,"Loss")))=0,"",TEXT(SUMPRODUCT(('Match Log'!$D$4:$D$1510=$A5)*('Match Log'!$E$4:$E$1510="Win")*COUNTIFS('Match Log'!$A$4:$A$1510,'Match Log'!$A$4:$A$1510,'Match Log'!$D$4:$D$1510,G$4,'Match Log'!$E$4:$E$1510,"Loss"))/(SUMPRODUCT(('Match Log'!$D$4:$D$1510=$A5)*('Match Log'!$E$4:$E$1510="Win")*COUNTIFS('Match Log'!$A$4:$A$1510,'Match Log'!$A$4:$A$1510,'Match Log'!$D$4:$D$1510,G$4,'Match Log'!$E$4:$E$1510,"Loss"))+SUMPRODUCT(('Match Log'!$D$4:$D$1510=G$4)*('Match Log'!$E$4:$E$1510="Win")*COUNTIFS('Match Log'!$A$4:$A$1510,'Match Log'!$A$4:$A$1510,'Match Log'!$D$4:$D$1510,$A5,'Match Log'!$E$4:$E$1510,"Loss"))),"0%")&" of "&(SUMPRODUCT(('Match Log'!$D$4:$D$1510=$A5)*('Match Log'!$E$4:$E$1510="Win")*COUNTIFS('Match Log'!$A$4:$A$1510,'Match Log'!$A$4:$A$1510,'Match Log'!$D$4:$D$1510,G$4,'Match Log'!$E$4:$E$1510,"Loss"))+SUMPRODUCT(('Match Log'!$D$4:$D$1510=G$4)*('Match Log'!$E$4:$E$1510="Win")*COUNTIFS('Match Log'!$A$4:$A$1510,'Match Log'!$A$4:$A$1510,'Match Log'!$D$4:$D$1510,$A5,'Match Log'!$E$4:$E$1510,"Loss"))))) -> 44% of 54 | H5: =IF($A5=H$4,"—",IF((SUMPRODUCT(('Match Log'!$D$4:$D$1510=$A5)*('Match Log'!$E$4:$E$1510="Win")*COUNTIFS('Match Log'!$A$4:$A$1510,'Match Log'!$A$4:$A$1510,'Match Log'!$D$4:$D$1510,H$4,'Match Log'!$E$4:$E$1510,"Loss"))+SUMPRODUCT(('Match Log'!$D$4:$D$1510=H$4)*('Match Log'!$E$4:$E$1510="Win")*COUNTIFS('Match Log'!$A$4:$A$1510,'Match Log'!$A$4:$A$1510,'Match Log'!$D$4:$D$1510,$A5,'Match Log'!$E$4:$E$1510,"Loss")))=0,"",TEXT(SUMPRODUCT(('Match Log'!$D$4:$D$1510=$A5)*('Match Log'!$E$4:$E$1510="Win")*COUNTIFS('Match Log'!$A$4:$A$1510,'Match Log'!$A$4:$A$1510,'Match Log'!$D$4:$D$1510,H$4,'Match Log'!$E$4:$E$1510,"Loss"))/(SUMPRODUCT(('Match Log'!$D$4:$D$1510=$A5)*('Match Log'!$E$4:$E$1510="Win")*COUNTIFS('Match Log'!$A$4:$A$1510,'Match Log'!$A$4:$A$1510,'Match Log'!$D$4:$D$1510,H$4,'Match Log'!$E$4:$E$1510,"Loss"))+SUMPRODUCT(('Match Log'!$D$4:$D$1510=H$4)*('Match Log'!$E$4:$E$1510="Win")*COUNTIFS('Match Log'!$A$4:$A$1510,'Match Log'!$A$4:$A$1510,'Match Log'!$D$4:$D$1510,$A5,'Match Log'!$E$4:$E$1510,"Loss"))),"0%")&" of "&(SUMPRODUCT(('Match Log'!$D$4:$D$1510=$A5)*('Match Log'!$E$4:$E$1510="Win")*COUNTIFS('Match Log'!$A$4:$A$1510,'Match Log'!$A$4:$A$1510,'Match Log'!$D$4:$D$1510,H$4,'Match Log'!$E$4:$E$1510,"Loss"))+SUMPRODUCT(('Match Log'!$D$4:$D$1510=H$4)*('Match Log'!$E$4:$E$1510="Win")*COUNTIFS('Match Log'!$A$4:$A$1510,'Match Log'!$A$4:$A$1510,'Match Log'!$D$4:$D$1510,$A5,'Match Log'!$E$4:$E$1510,"Loss"))))) -> 67% of 6 | I5: =IF($A5=I$4,"—",IF((SUMPRODUCT(('Match Log'!$D$4:$D$1510=$A5)*('Match Log'!$E$4:$E$1510="Win")*COUNTIFS('Match Log'!$A$4:$A$1510,'Match Log'!$A$4:$A$1510,'Match Log'!$D$4:$D$1510,I$4,'Match Log'!$E$4:$E$1510,"Loss"))+SUMPRODUCT(('Match Log'!$D$4:$D$1510=I$4)*('Match Log'!$E$4:$E$1510="Win")*COUNTIFS('Match Log'!$A$4:$A$1510,'Match Log'!$A$4:$A$1510,'Match Log'!$D$4:$D$1510,$A5,'Match Log'!$E$4:$E$1510,"Loss")))=0,"",TEXT(SUMPRODUCT(('Match Log'!$D$4:$D$1510=$A5)*('Match Log'!$E$4:$E$1510="Win")*COUNTIFS('Match Log'!$A$4:$A$1510,'Match Log'!$A$4:$A$1510,'Match Log'!$D$4:$D$1510,I$4,'Match Log'!$E$4:$E$1510,"Loss"))/(SUMPRODUCT(('Match Log'!$D$4:$D$1510=$A5)*('Match Log'!$E$4:$E$1510="Win")*COUNTIFS('Match Log'!$A$4:$A$1510,'Match Log'!$A$4:$A$1510,'Match Log'!$D$4:$D$1510,I$4,'Match Log'!$E$4:$E$1510,"Loss"))+SUMPRODUCT(('Match Log'!$D$4:$D$1510=I$4)*('Match Log'!$E$4:$E$1510="Win")*COUNTIFS('Match Log'!$A$4:$A$1510,'Match Log'!$A$4:$A$1510,'Match Log'!$D$4:$D$1510,$A5,'Match Log'!$E$4:$E$1510,"Loss"))),"0%")&" of "&(SUMPRODUCT(('Match Log'!$D$4:$D$1510=$A5)*('Match Log'!$E$4:$E$1510="Win")*COUNTIFS('Match Log'!$A$4:$A$1510,'Match Log'!$A$4:$A$1510,'Match Log'!$D$4:$D$1510,I$4,'Match Log'!$E$4:$E$1510,"Loss"))+SUMPRODUCT(('Match Log'!$D$4:$D$1510=I$4)*('Match Log'!$E$4:$E$1510="Win")*COUNTIFS('Match Log'!$A$4:$A$1510,'Match Log'!$A$4:$A$1510,'Match Log'!$D$4:$D$1510,$A5,'Match Log'!$E$4:$E$1510,"Loss"))))) -> 53% of 30 | ... O5: =IF($A5=O$4,"—",IF((SUMPRODUCT(('Match Log'!$D$4:$D$1510=$A5)*('Match Log'!$E$4:$E$1510="Win")*COUNTIFS('Match Log'!$A$4:$A$1510,'Match Log'!$A$4:$A$1510,'Match Log'!$D$4:$D$1510,O$4,'Match Log'!$E$4:$E$1510,"Loss"))+SUMPRODUCT(('Match Log'!$D$4:$D$1510=O$4)*('Match Log'!$E$4:$E$1510="Win")*COUNTIFS('Match Log'!$A$4:$A$1510,'Match Log'!$A$4:$A$1510,'Match Log'!$D$4:$D$1510,$A5,'Match Log'!$E$4:$E$1510,"Loss")))=0,"",TEXT(SUMPRODUCT(('Match Log'!$D$4:$D$1510=$A5)*('Match Log'!$E$4:$E$1510="Win")*COUNTIFS('Match Log'!$A$4:$A$1510,'Match Log'!$A$4:$A$1510,'Match Log'!$D$4:$D$1510,O$4,'Match Log'!$E$4:$E$1510,"Loss"))/(SUMPRODUCT(('Match Log'!$D$4:$D$1510=$A5)*('Match Log'!$E$4:$E$1510="Win")*COUNTIFS('Match Log'!$A$4:$A$1510,'Match Log'!$A$4:$A$1510,'Match Log'!$D$4:$D$1510,O$4,'Match Log'!$E$4:$E$1510,"Loss"))+SUMPRODUCT(('Match Log'!$D$4:$D$1510=O$4)*('Match Log'!$E$4:$E$1510="Win")*COUNTIFS('Match Log'!$A$4:$A$1510,'Match Log'!$A$4:$A$1510,'Match Log'!$D$4:$D$1510,$A5,'Match Log'!$E$4:$E$1510,"Loss"))),"0%")&" of "&(SUMPRODUCT(('Match Log'!$D$4:$D$1510=$A5)*('Match Log'!$E$4:$E$1510="Win")*COUNTIFS('Match Log'!$A$4:$A$1510,'Match Log'!$A$4:$A$1510,'Match Log'!$D$4:$D$1510,O$4,'Match Log'!$E$4:$E$1510,"Loss"))+SUMPRODUCT(('Match Log'!$D$4:$D$1510=O$4)*('Match Log'!$E$4:$E$1510="Win")*COUNTIFS('Match Log'!$A$4:$A$1510,'Match Log'!$A$4:$A$1510,'Match Log'!$D$4:$D$1510,$A5,'Match Log'!$E$4:$E$1510,"Loss")))))
A6: Beau | B6: =IF($A6=B$4,"—",IF((SUMPRODUCT(('Match Log'!$D$4:$D$1510=$A6)*('Match Log'!$E$4:$E$1510="Win")*COUNTIFS('Match Log'!$A$4:$A$1510,'Match Log'!$A$4:$A$1510,'Match Log'!$D$4:$D$1510,B$4,'Match Log'!$E$4:$E$1510,"Loss"))+SUMPRODUCT(('Match Log'!$D$4:$D$1510=B$4)*('Match Log'!$E$4:$E$1510="Win")*COUNTIFS('Match Log'!$A$4:$A$1510,'Match Log'!$A$4:$A$1510,'Match Log'!$D$4:$D$1510,$A6,'Match Log'!$E$4:$E$1510,"Loss")))=0,"",TEXT(SUMPRODUCT(('Match Log'!$D$4:$D$1510=$A6)*('Match Log'!$E$4:$E$1510="Win")*COUNTIFS('Match Log'!$A$4:$A$1510,'Match Log'!$A$4:$A$1510,'Match Log'!$D$4:$D$1510,B$4,'Match Log'!$E$4:$E$1510,"Loss"))/(SUMPRODUCT(('Match Log'!$D$4:$D$1510=$A6)*('Match Log'!$E$4:$E$1510="Win")*COUNTIFS('Match Log'!$A$4:$A$1510,'Match Log'!$A$4:$A$1510,'Match Log'!$D$4:$D$1510,B$4,'Match Log'!$E$4:$E$1510,"Loss"))+SUMPRODUCT(('Match Log'!$D$4:$D$1510=B$4)*('Match Log'!$E$4:$E$1510="Win")*COUNTIFS('Match Log'!$A$4:$A$1510,'Match Log'!$A$4:$A$1510,'Match Log'!$D$4:$D$1510,$A6,'Match Log'!$E$4:$E$1510,"Loss"))),"0%")&" of "&(SUMPRODUCT(('Match Log'!$D$4:$D$1510=$A6)*('Match Log'!$E$4:$E$1510="Win")*COUNTIFS('Match Log'!$A$4:$A$1510,'Match Log'!$A$4:$A$1510,'Match Log'!$D$4:$D$1510,B$4,'Match Log'!$E$4:$E$1510,"Loss"))+SUMPRODUCT(('Match Log'!$D$4:$D$1510=B$4)*('Match Log'!$E$4:$E$1510="Win")*COUNTIFS('Match Log'!$A$4:$A$1510,'Match Log'!$A$4:$A$1510,'Match Log'!$D$4:$D$1510,$A6,'Match Log'!$E$4:$E$1510,"Loss"))))) | C6: =IF($A6=C$4,"—",IF((SUMPRODUCT(('Match Log'!$D$4:$D$1510=$A6)*('Match Log'!$E$4:$E$1510="Win")*COUNTIFS('Match Log'!$A$4:$A$1510,'Match Log'!$A$4:$A$1510,'Match Log'!$D$4:$D$1510,C$4,'Match Log'!$E$4:$E$1510,"Loss"))+SUMPRODUCT(('Match Log'!$D$4:$D$1510=C$4)*('Match Log'!$E$4:$E$1510="Win")*COUNTIFS('Match Log'!$A$4:$A$1510,'Match Log'!$A$4:$A$1510,'Match Log'!$D$4:$D$1510,$A6,'Match Log'!$E$4:$E$1510,"Loss")))=0,"",TEXT(SUMPRODUCT(('Match Log'!$D$4:$D$1510=$A6)*('Match Log'!$E$4:$E$1510="Win")*COUNTIFS('Match Log'!$A$4:$A$1510,'Match Log'!$A$4:$A$1510,'Match Log'!$D$4:$D$1510,C$4,'Match Log'!$E$4:$E$1510,"Loss"))/(SUMPRODUCT(('Match Log'!$D$4:$D$1510=$A6)*('Match Log'!$E$4:$E$1510="Win")*COUNTIFS('Match Log'!$A$4:$A$1510,'Match Log'!$A$4:$A$1510,'Match Log'!$D$4:$D$1510,C$4,'Match Log'!$E$4:$E$1510,"Loss"))+SUMPRODUCT(('Match Log'!$D$4:$D$1510=C$4)*('Match Log'!$E$4:$E$1510="Win")*COUNTIFS('Match Log'!$A$4:$A$1510,'Match Log'!$A$4:$A$1510,'Match Log'!$D$4:$D$1510,$A6,'Match Log'!$E$4:$E$1510,"Loss"))),"0%")&" of "&(SUMPRODUCT(('Match Log'!$D$4:$D$1510=$A6)*('Match Log'!$E$4:$E$1510="Win")*COUNTIFS('Match Log'!$A$4:$A$1510,'Match Log'!$A$4:$A$1510,'Match Log'!$D$4:$D$1510,C$4,'Match Log'!$E$4:$E$1510,"Loss"))+SUMPRODUCT(('Match Log'!$D$4:$D$1510=C$4)*('Match Log'!$E$4:$E$1510="Win")*COUNTIFS('Match Log'!$A$4:$A$1510,'Match Log'!$A$4:$A$1510,'Match Log'!$D$4:$D$1510,$A6,'Match Log'!$E$4:$E$1510,"Loss"))))) -> — | D6: =IF($A6=D$4,"—",IF((SUMPRODUCT(('Match Log'!$D$4:$D$1510=$A6)*('Match Log'!$E$4:$E$1510="Win")*COUNTIFS('Match Log'!$A$4:$A$1510,'Match Log'!$A$4:$A$1510,'Match Log'!$D$4:$D$1510,D$4,'Match Log'!$E$4:$E$1510,"Loss"))+SUMPRODUCT(('Match Log'!$D$4:$D$1510=D$4)*('Match Log'!$E$4:$E$1510="Win")*COUNTIFS('Match Log'!$A$4:$A$1510,'Match Log'!$A$4:$A$1510,'Match Log'!$D$4:$D$1510,$A6,'Match Log'!$E$4:$E$1510,"Loss")))=0,"",TEXT(SUMPRODUCT(('Match Log'!$D$4:$D$1510=$A6)*('Match Log'!$E$4:$E$1510="Win")*COUNTIFS('Match Log'!$A$4:$A$1510,'Match Log'!$A$4:$A$1510,'Match Log'!$D$4:$D$1510,D$4,'Match Log'!$E$4:$E$1510,"Loss"))/(SUMPRODUCT(('Match Log'!$D$4:$D$1510=$A6)*('Match Log'!$E$4:$E$1510="Win")*COUNTIFS('Match Log'!$A$4:$A$1510,'Match Log'!$A$4:$A$1510,'Match Log'!$D$4:$D$1510,D$4,'Match Log'!$E$4:$E$1510,"Loss"))+SUMPRODUCT(('Match Log'!$D$4:$D$1510=D$4)*('Match Log'!$E$4:$E$1510="Win")*COUNTIFS('Match Log'!$A$4:$A$1510,'Match Log'!$A$4:$A$1510,'Match Log'!$D$4:$D$1510,$A6,'Match Log'!$E$4:$E$1510,"Loss"))),"0%")&" of "&(SUMPRODUCT(('Match Log'!$D$4:$D$1510=$A6)*('Match Log'!$E$4:$E$1510="Win")*COUNTIFS('Match Log'!$A$4:$A$1510,'Match Log'!$A$4:$A$1510,'Match Log'!$D$4:$D$1510,D$4,'Match Log'!$E$4:$E$1510,"Loss"))+SUMPRODUCT(('Match Log'!$D$4:$D$1510=D$4)*('Match Log'!$E$4:$E$1510="Win")*COUNTIFS('Match Log'!$A$4:$A$1510,'Match Log'!$A$4:$A$1510,'Match Log'!$D$4:$D$1510,$A6,'Match Log'!$E$4:$E$1510,"Loss"))))) | E6: =IF($A6=E$4,"—",IF((SUMPRODUCT(('Match Log'!$D$4:$D$1510=$A6)*('Match Log'!$E$4:$E$1510="Win")*COUNTIFS('Match Log'!$A$4:$A$1510,'Match Log'!$A$4:$A$1510,'Match Log'!$D$4:$D$1510,E$4,'Match Log'!$E$4:$E$1510,"Loss"))+SUMPRODUCT(('Match Log'!$D$4:$D$1510=E$4)*('Match Log'!$E$4:$E$1510="Win")*COUNTIFS('Match Log'!$A$4:$A$1510,'Match Log'!$A$4:$A$1510,'Match Log'!$D$4:$D$1510,$A6,'Match Log'!$E$4:$E$1510,"Loss")))=0,"",TEXT(SUMPRODUCT(('Match Log'!$D$4:$D$1510=$A6)*('Match Log'!$E$4:$E$1510="Win")*COUNTIFS('Match Log'!$A$4:$A$1510,'Match Log'!$A$4:$A$1510,'Match Log'!$D$4:$D$1510,E$4,'Match Log'!$E$4:$E$1510,"Loss"))/(SUMPRODUCT(('Match Log'!$D$4:$D$1510=$A6)*('Match Log'!$E$4:$E$1510="Win")*COUNTIFS('Match Log'!$A$4:$A$1510,'Match Log'!$A$4:$A$1510,'Match Log'!$D$4:$D$1510,E$4,'Match Log'!$E$4:$E$1510,"Loss"))+SUMPRODUCT(('Match Log'!$D$4:$D$1510=E$4)*('Match Log'!$E$4:$E$1510="Win")*COUNTIFS('Match Log'!$A$4:$A$1510,'Match Log'!$A$4:$A$1510,'Match Log'!$D$4:$D$1510,$A6,'Match Log'!$E$4:$E$1510,"Loss"))),"0%")&" of "&(SUMPRODUCT(('Match Log'!$D$4:$D$1510=$A6)*('Match Log'!$E$4:$E$1510="Win")*COUNTIFS('Match Log'!$A$4:$A$1510,'Match Log'!$A$4:$A$1510,'Match Log'!$D$4:$D$1510,E$4,'Match Log'!$E$4:$E$1510,"Loss"))+SUMPRODUCT(('Match Log'!$D$4:$D$1510=E$4)*('Match Log'!$E$4:$E$1510="Win")*COUNTIFS('Match Log'!$A$4:$A$1510,'Match Log'!$A$4:$A$1510,'Match Log'!$D$4:$D$1510,$A6,'Match Log'!$E$4:$E$1510,"Loss"))))) -> 0% of 1 | F6: =IF($A6=F$4,"—",IF((SUMPRODUCT(('Match Log'!$D$4:$D$1510=$A6)*('Match Log'!$E$4:$E$1510="Win")*COUNTIFS('Match Log'!$A$4:$A$1510,'Match Log'!$A$4:$A$1510,'Match Log'!$D$4:$D$1510,F$4,'Match Log'!$E$4:$E$1510,"Loss"))+SUMPRODUCT(('Match Log'!$D$4:$D$1510=F$4)*('Match Log'!$E$4:$E$1510="Win")*COUNTIFS('Match Log'!$A$4:$A$1510,'Match Log'!$A$4:$A$1510,'Match Log'!$D$4:$D$1510,$A6,'Match Log'!$E$4:$E$1510,"Loss")))=0,"",TEXT(SUMPRODUCT(('Match Log'!$D$4:$D$1510=$A6)*('Match Log'!$E$4:$E$1510="Win")*COUNTIFS('Match Log'!$A$4:$A$1510,'Match Log'!$A$4:$A$1510,'Match Log'!$D$4:$D$1510,F$4,'Match Log'!$E$4:$E$1510,"Loss"))/(SUMPRODUCT(('Match Log'!$D$4:$D$1510=$A6)*('Match Log'!$E$4:$E$1510="Win")*COUNTIFS('Match Log'!$A$4:$A$1510,'Match Log'!$A$4:$A$1510,'Match Log'!$D$4:$D$1510,F$4,'Match Log'!$E$4:$E$1510,"Loss"))+SUMPRODUCT(('Match Log'!$D$4:$D$1510=F$4)*('Match Log'!$E$4:$E$1510="Win")*COUNTIFS('Match Log'!$A$4:$A$1510,'Match Log'!$A$4:$A$1510,'Match Log'!$D$4:$D$1510,$A6,'Match Log'!$E$4:$E$1510,"Loss"))),"0%")&" of "&(SUMPRODUCT(('Match Log'!$D$4:$D$1510=$A6)*('Match Log'!$E$4:$E$1510="Win")*COUNTIFS('Match Log'!$A$4:$A$1510,'Match Log'!$A$4:$A$1510,'Match Log'!$D$4:$D$1510,F$4,'Match Log'!$E$4:$E$1510,"Loss"))+SUMPRODUCT(('Match Log'!$D$4:$D$1510=F$4)*('Match Log'!$E$4:$E$1510="Win")*COUNTIFS('Match Log'!$A$4:$A$1510,'Match Log'!$A$4:$A$1510,'Match Log'!$D$4:$D$1510,$A6,'Match Log'!$E$4:$E$1510,"Loss"))))) -> 0% of 1 | G6: =IF($A6=G$4,"—",IF((SUMPRODUCT(('Match Log'!$D$4:$D$1510=$A6)*('Match Log'!$E$4:$E$1510="Win")*COUNTIFS('Match Log'!$A$4:$A$1510,'Match Log'!$A$4:$A$1510,'Match Log'!$D$4:$D$1510,G$4,'Match Log'!$E$4:$E$1510,"Loss"))+SUMPRODUCT(('Match Log'!$D$4:$D$1510=G$4)*('Match Log'!$E$4:$E$1510="Win")*COUNTIFS('Match Log'!$A$4:$A$1510,'Match Log'!$A$4:$A$1510,'Match Log'!$D$4:$D$1510,$A6,'Match Log'!$E$4:$E$1510,"Loss")))=0,"",TEXT(SUMPRODUCT(('Match Log'!$D$4:$D$1510=$A6)*('Match Log'!$E$4:$E$1510="Win")*COUNTIFS('Match Log'!$A$4:$A$1510,'Match Log'!$A$4:$A$1510,'Match Log'!$D$4:$D$1510,G$4,'Match Log'!$E$4:$E$1510,"Loss"))/(SUMPRODUCT(('Match Log'!$D$4:$D$1510=$A6)*('Match Log'!$E$4:$E$1510="Win")*COUNTIFS('Match Log'!$A$4:$A$1510,'Match Log'!$A$4:$A$1510,'Match Log'!$D$4:$D$1510,G$4,'Match Log'!$E$4:$E$1510,"Loss"))+SUMPRODUCT(('Match Log'!$D$4:$D$1510=G$4)*('Match Log'!$E$4:$E$1510="Win")*COUNTIFS('Match Log'!$A$4:$A$1510,'Match Log'!$A$4:$A$1510,'Match Log'!$D$4:$D$1510,$A6,'Match Log'!$E$4:$E$1510,"Loss"))),"0%")&" of "&(SUMPRODUCT(('Match Log'!$D$4:$D$1510=$A6)*('Match Log'!$E$4:$E$1510="Win")*COUNTIFS('Match Log'!$A$4:$A$1510,'Match Log'!$A$4:$A$1510,'Match Log'!$D$4:$D$1510,G$4,'Match Log'!$E$4:$E$1510,"Loss"))+SUMPRODUCT(('Match Log'!$D$4:$D$1510=G$4)*('Match Log'!$E$4:$E$1510="Win")*COUNTIFS('Match Log'!$A$4:$A$1510,'Match Log'!$A$4:$A$1510,'Match Log'!$D$4:$D$1510,$A6,'Match Log'!$E$4:$E$1510,"Loss"))))) -> 0% of 1 | H6: =IF($A6=H$4,"—",IF((SUMPRODUCT(('Match Log'!$D$4:$D$1510=$A6)*('Match Log'!$E$4:$E$1510="Win")*COUNTIFS('Match Log'!$A$4:$A$1510,'Match Log'!$A$4:$A$1510,'Match Log'!$D$4:$D$1510,H$4,'Match Log'!$E$4:$E$1510,"Loss"))+SUMPRODUCT(('Match Log'!$D$4:$D$1510=H$4)*('Match Log'!$E$4:$E$1510="Win")*COUNTIFS('Match Log'!$A$4:$A$1510,'Match Log'!$A$4:$A$1510,'Match Log'!$D$4:$D$1510,$A6,'Match Log'!$E$4:$E$1510,"Loss")))=0,"",TEXT(SUMPRODUCT(('Match Log'!$D$4:$D$1510=$A6)*('Match Log'!$E$4:$E$1510="Win")*COUNTIFS('Match Log'!$A$4:$A$1510,'Match Log'!$A$4:$A$1510,'Match Log'!$D$4:$D$1510,H$4,'Match Log'!$E$4:$E$1510,"Loss"))/(SUMPRODUCT(('Match Log'!$D$4:$D$1510=$A6)*('Match Log'!$E$4:$E$1510="Win")*COUNTIFS('Match Log'!$A$4:$A$1510,'Match Log'!$A$4:$A$1510,'Match Log'!$D$4:$D$1510,H$4,'Match Log'!$E$4:$E$1510,"Loss"))+SUMPRODUCT(('Match Log'!$D$4:$D$1510=H$4)*('Match Log'!$E$4:$E$1510="Win")*COUNTIFS('Match Log'!$A$4:$A$1510,'Match Log'!$A$4:$A$1510,'Match Log'!$D$4:$D$1510,$A6,'Match Log'!$E$4:$E$1510,"Loss"))),"0%")&" of "&(SUMPRODUCT(('Match Log'!$D$4:$D$1510=$A6)*('Match Log'!$E$4:$E$1510="Win")*COUNTIFS('Match Log'!$A$4:$A$1510,'Match Log'!$A$4:$A$1510,'Match Log'!$D$4:$D$1510,H$4,'Match Log'!$E$4:$E$1510,"Loss"))+SUMPRODUCT(('Match Log'!$D$4:$D$1510=H$4)*('Match Log'!$E$4:$E$1510="Win")*COUNTIFS('Match Log'!$A$4:$A$1510,'Match Log'!$A$4:$A$1510,'Match Log'!$D$4:$D$1510,$A6,'Match Log'!$E$4:$E$1510,"Loss"))))) -> 67% of 3 | I6: =IF($A6=I$4,"—",IF((SUMPRODUCT(('Match Log'!$D$4:$D$1510=$A6)*('Match Log'!$E$4:$E$1510="Win")*COUNTIFS('Match Log'!$A$4:$A$1510,'Match Log'!$A$4:$A$1510,'Match Log'!$D$4:$D$1510,I$4,'Match Log'!$E$4:$E$1510,"Loss"))+SUMPRODUCT(('Match Log'!$D$4:$D$1510=I$4)*('Match Log'!$E$4:$E$1510="Win")*COUNTIFS('Match Log'!$A$4:$A$1510,'Match Log'!$A$4:$A$1510,'Match Log'!$D$4:$D$1510,$A6,'Match Log'!$E$4:$E$1510,"Loss")))=0,"",TEXT(SUMPRODUCT(('Match Log'!$D$4:$D$1510=$A6)*('Match Log'!$E$4:$E$1510="Win")*COUNTIFS('Match Log'!$A$4:$A$1510,'Match Log'!$A$4:$A$1510,'Match Log'!$D$4:$D$1510,I$4,'Match Log'!$E$4:$E$1510,"Loss"))/(SUMPRODUCT(('Match Log'!$D$4:$D$1510=$A6)*('Match Log'!$E$4:$E$1510="Win")*COUNTIFS('Match Log'!$A$4:$A$1510,'Match Log'!$A$4:$A$1510,'Match Log'!$D$4:$D$1510,I$4,'Match Log'!$E$4:$E$1510,"Loss"))+SUMPRODUCT(('Match Log'!$D$4:$D$1510=I$4)*('Match Log'!$E$4:$E$1510="Win")*COUNTIFS('Match Log'!$A$4:$A$1510,'Match Log'!$A$4:$A$1510,'Match Log'!$D$4:$D$1510,$A6,'Match Log'!$E$4:$E$1510,"Loss"))),"0%")&" of "&(SUMPRODUCT(('Match Log'!$D$4:$D$1510=$A6)*('Match Log'!$E$4:$E$1510="Win")*COUNTIFS('Match Log'!$A$4:$A$1510,'Match Log'!$A$4:$A$1510,'Match Log'!$D$4:$D$1510,I$4,'Match Log'!$E$4:$E$1510,"Loss"))+SUMPRODUCT(('Match Log'!$D$4:$D$1510=I$4)*('Match Log'!$E$4:$E$1510="Win")*COUNTIFS('Match Log'!$A$4:$A$1510,'Match Log'!$A$4:$A$1510,'Match Log'!$D$4:$D$1510,$A6,'Match Log'!$E$4:$E$1510,"Loss"))))) -> 100% of 2 | ... O6: =IF($A6=O$4,"—",IF((SUMPRODUCT(('Match Log'!$D$4:$D$1510=$A6)*('Match Log'!$E$4:$E$1510="Win")*COUNTIFS('Match Log'!$A$4:$A$1510,'Match Log'!$A$4:$A$1510,'Match Log'!$D$4:$D$1510,O$4,'Match Log'!$E$4:$E$1510,"Loss"))+SUMPRODUCT(('Match Log'!$D$4:$D$1510=O$4)*('Match Log'!$E$4:$E$1510="Win")*COUNTIFS('Match Log'!$A$4:$A$1510,'Match Log'!$A$4:$A$1510,'Match Log'!$D$4:$D$1510,$A6,'Match Log'!$E$4:$E$1510,"Loss")))=0,"",TEXT(SUMPRODUCT(('Match Log'!$D$4:$D$1510=$A6)*('Match Log'!$E$4:$E$1510="Win")*COUNTIFS('Match Log'!$A$4:$A$1510,'Match Log'!$A$4:$A$1510,'Match Log'!$D$4:$D$1510,O$4,'Match Log'!$E$4:$E$1510,"Loss"))/(SUMPRODUCT(('Match Log'!$D$4:$D$1510=$A6)*('Match Log'!$E$4:$E$1510="Win")*COUNTIFS('Match Log'!$A$4:$A$1510,'Match Log'!$A$4:$A$1510,'Match Log'!$D$4:$D$1510,O$4,'Match Log'!$E$4:$E$1510,"Loss"))+SUMPRODUCT(('Match Log'!$D$4:$D$1510=O$4)*('Match Log'!$E$4:$E$1510="Win")*COUNTIFS('Match Log'!$A$4:$A$1510,'Match Log'!$A$4:$A$1510,'Match Log'!$D$4:$D$1510,$A6,'Match Log'!$E$4:$E$1510,"Loss"))),"0%")&" of "&(SUMPRODUCT(('Match Log'!$D$4:$D$1510=$A6)*('Match Log'!$E$4:$E$1510="Win")*COUNTIFS('Match Log'!$A$4:$A$1510,'Match Log'!$A$4:$A$1510,'Match Log'!$D$4:$D$1510,O$4,'Match Log'!$E$4:$E$1510,"Loss"))+SUMPRODUCT(('Match Log'!$D$4:$D$1510=O$4)*('Match Log'!$E$4:$E$1510="Win")*COUNTIFS('Match Log'!$A$4:$A$1510,'Match Log'!$A$4:$A$1510,'Match Log'!$D$4:$D$1510,$A6,'Match Log'!$E$4:$E$1510,"Loss")))))
A7: Chase | B7: =IF($A7=B$4,"—",IF((SUMPRODUCT(('Match Log'!$D$4:$D$1510=$A7)*('Match Log'!$E$4:$E$1510="Win")*COUNTIFS('Match Log'!$A$4:$A$1510,'Match Log'!$A$4:$A$1510,'Match Log'!$D$4:$D$1510,B$4,'Match Log'!$E$4:$E$1510,"Loss"))+SUMPRODUCT(('Match Log'!$D$4:$D$1510=B$4)*('Match Log'!$E$4:$E$1510="Win")*COUNTIFS('Match Log'!$A$4:$A$1510,'Match Log'!$A$4:$A$1510,'Match Log'!$D$4:$D$1510,$A7,'Match Log'!$E$4:$E$1510,"Loss")))=0,"",TEXT(SUMPRODUCT(('Match Log'!$D$4:$D$1510=$A7)*('Match Log'!$E$4:$E$1510="Win")*COUNTIFS('Match Log'!$A$4:$A$1510,'Match Log'!$A$4:$A$1510,'Match Log'!$D$4:$D$1510,B$4,'Match Log'!$E$4:$E$1510,"Loss"))/(SUMPRODUCT(('Match Log'!$D$4:$D$1510=$A7)*('Match Log'!$E$4:$E$1510="Win")*COUNTIFS('Match Log'!$A$4:$A$1510,'Match Log'!$A$4:$A$1510,'Match Log'!$D$4:$D$1510,B$4,'Match Log'!$E$4:$E$1510,"Loss"))+SUMPRODUCT(('Match Log'!$D$4:$D$1510=B$4)*('Match Log'!$E$4:$E$1510="Win")*COUNTIFS('Match Log'!$A$4:$A$1510,'Match Log'!$A$4:$A$1510,'Match Log'!$D$4:$D$1510,$A7,'Match Log'!$E$4:$E$1510,"Loss"))),"0%")&" of "&(SUMPRODUCT(('Match Log'!$D$4:$D$1510=$A7)*('Match Log'!$E$4:$E$1510="Win")*COUNTIFS('Match Log'!$A$4:$A$1510,'Match Log'!$A$4:$A$1510,'Match Log'!$D$4:$D$1510,B$4,'Match Log'!$E$4:$E$1510,"Loss"))+SUMPRODUCT(('Match Log'!$D$4:$D$1510=B$4)*('Match Log'!$E$4:$E$1510="Win")*COUNTIFS('Match Log'!$A$4:$A$1510,'Match Log'!$A$4:$A$1510,'Match Log'!$D$4:$D$1510,$A7,'Match Log'!$E$4:$E$1510,"Loss"))))) -> 25% of 4 | C7: =IF($A7=C$4,"—",IF((SUMPRODUCT(('Match Log'!$D$4:$D$1510=$A7)*('Match Log'!$E$4:$E$1510="Win")*COUNTIFS('Match Log'!$A$4:$A$1510,'Match Log'!$A$4:$A$1510,'Match Log'!$D$4:$D$1510,C$4,'Match Log'!$E$4:$E$1510,"Loss"))+SUMPRODUCT(('Match Log'!$D$4:$D$1510=C$4)*('Match Log'!$E$4:$E$1510="Win")*COUNTIFS('Match Log'!$A$4:$A$1510,'Match Log'!$A$4:$A$1510,'Match Log'!$D$4:$D$1510,$A7,'Match Log'!$E$4:$E$1510,"Loss")))=0,"",TEXT(SUMPRODUCT(('Match Log'!$D$4:$D$1510=$A7)*('Match Log'!$E$4:$E$1510="Win")*COUNTIFS('Match Log'!$A$4:$A$1510,'Match Log'!$A$4:$A$1510,'Match Log'!$D$4:$D$1510,C$4,'Match Log'!$E$4:$E$1510,"Loss"))/(SUMPRODUCT(('Match Log'!$D$4:$D$1510=$A7)*('Match Log'!$E$4:$E$1510="Win")*COUNTIFS('Match Log'!$A$4:$A$1510,'Match Log'!$A$4:$A$1510,'Match Log'!$D$4:$D$1510,C$4,'Match Log'!$E$4:$E$1510,"Loss"))+SUMPRODUCT(('Match Log'!$D$4:$D$1510=C$4)*('Match Log'!$E$4:$E$1510="Win")*COUNTIFS('Match Log'!$A$4:$A$1510,'Match Log'!$A$4:$A$1510,'Match Log'!$D$4:$D$1510,$A7,'Match Log'!$E$4:$E$1510,"Loss"))),"0%")&" of "&(SUMPRODUCT(('Match Log'!$D$4:$D$1510=$A7)*('Match Log'!$E$4:$E$1510="Win")*COUNTIFS('Match Log'!$A$4:$A$1510,'Match Log'!$A$4:$A$1510,'Match Log'!$D$4:$D$1510,C$4,'Match Log'!$E$4:$E$1510,"Loss"))+SUMPRODUCT(('Match Log'!$D$4:$D$1510=C$4)*('Match Log'!$E$4:$E$1510="Win")*COUNTIFS('Match Log'!$A$4:$A$1510,'Match Log'!$A$4:$A$1510,'Match Log'!$D$4:$D$1510,$A7,'Match Log'!$E$4:$E$1510,"Loss"))))) | D7: =IF($A7=D$4,"—",IF((SUMPRODUCT(('Match Log'!$D$4:$D$1510=$A7)*('Match Log'!$E$4:$E$1510="Win")*COUNTIFS('Match Log'!$A$4:$A$1510,'Match Log'!$A$4:$A$1510,'Match Log'!$D$4:$D$1510,D$4,'Match Log'!$E$4:$E$1510,"Loss"))+SUMPRODUCT(('Match Log'!$D$4:$D$1510=D$4)*('Match Log'!$E$4:$E$1510="Win")*COUNTIFS('Match Log'!$A$4:$A$1510,'Match Log'!$A$4:$A$1510,'Match Log'!$D$4:$D$1510,$A7,'Match Log'!$E$4:$E$1510,"Loss")))=0,"",TEXT(SUMPRODUCT(('Match Log'!$D$4:$D$1510=$A7)*('Match Log'!$E$4:$E$1510="Win")*COUNTIFS('Match Log'!$A$4:$A$1510,'Match Log'!$A$4:$A$1510,'Match Log'!$D$4:$D$1510,D$4,'Match Log'!$E$4:$E$1510,"Loss"))/(SUMPRODUCT(('Match Log'!$D$4:$D$1510=$A7)*('Match Log'!$E$4:$E$1510="Win")*COUNTIFS('Match Log'!$A$4:$A$1510,'Match Log'!$A$4:$A$1510,'Match Log'!$D$4:$D$1510,D$4,'Match Log'!$E$4:$E$1510,"Loss"))+SUMPRODUCT(('Match Log'!$D$4:$D$1510=D$4)*('Match Log'!$E$4:$E$1510="Win")*COUNTIFS('Match Log'!$A$4:$A$1510,'Match Log'!$A$4:$A$1510,'Match Log'!$D$4:$D$1510,$A7,'Match Log'!$E$4:$E$1510,"Loss"))),"0%")&" of "&(SUMPRODUCT(('Match Log'!$D$4:$D$1510=$A7)*('Match Log'!$E$4:$E$1510="Win")*COUNTIFS('Match Log'!$A$4:$A$1510,'Match Log'!$A$4:$A$1510,'Match Log'!$D$4:$D$1510,D$4,'Match Log'!$E$4:$E$1510,"Loss"))+SUMPRODUCT(('Match Log'!$D$4:$D$1510=D$4)*('Match Log'!$E$4:$E$1510="Win")*COUNTIFS('Match Log'!$A$4:$A$1510,'Match Log'!$A$4:$A$1510,'Match Log'!$D$4:$D$1510,$A7,'Match Log'!$E$4:$E$1510,"Loss"))))) -> — | E7: =IF($A7=E$4,"—",IF((SUMPRODUCT(('Match Log'!$D$4:$D$1510=$A7)*('Match Log'!$E$4:$E$1510="Win")*COUNTIFS('Match Log'!$A$4:$A$1510,'Match Log'!$A$4:$A$1510,'Match Log'!$D$4:$D$1510,E$4,'Match Log'!$E$4:$E$1510,"Loss"))+SUMPRODUCT(('Match Log'!$D$4:$D$1510=E$4)*('Match Log'!$E$4:$E$1510="Win")*COUNTIFS('Match Log'!$A$4:$A$1510,'Match Log'!$A$4:$A$1510,'Match Log'!$D$4:$D$1510,$A7,'Match Log'!$E$4:$E$1510,"Loss")))=0,"",TEXT(SUMPRODUCT(('Match Log'!$D$4:$D$1510=$A7)*('Match Log'!$E$4:$E$1510="Win")*COUNTIFS('Match Log'!$A$4:$A$1510,'Match Log'!$A$4:$A$1510,'Match Log'!$D$4:$D$1510,E$4,'Match Log'!$E$4:$E$1510,"Loss"))/(SUMPRODUCT(('Match Log'!$D$4:$D$1510=$A7)*('Match Log'!$E$4:$E$1510="Win")*COUNTIFS('Match Log'!$A$4:$A$1510,'Match Log'!$A$4:$A$1510,'Match Log'!$D$4:$D$1510,E$4,'Match Log'!$E$4:$E$1510,"Loss"))+SUMPRODUCT(('Match Log'!$D$4:$D$1510=E$4)*('Match Log'!$E$4:$E$1510="Win")*COUNTIFS('Match Log'!$A$4:$A$1510,'Match Log'!$A$4:$A$1510,'Match Log'!$D$4:$D$1510,$A7,'Match Log'!$E$4:$E$1510,"Loss"))),"0%")&" of "&(SUMPRODUCT(('Match Log'!$D$4:$D$1510=$A7)*('Match Log'!$E$4:$E$1510="Win")*COUNTIFS('Match Log'!$A$4:$A$1510,'Match Log'!$A$4:$A$1510,'Match Log'!$D$4:$D$1510,E$4,'Match Log'!$E$4:$E$1510,"Loss"))+SUMPRODUCT(('Match Log'!$D$4:$D$1510=E$4)*('Match Log'!$E$4:$E$1510="Win")*COUNTIFS('Match Log'!$A$4:$A$1510,'Match Log'!$A$4:$A$1510,'Match Log'!$D$4:$D$1510,$A7,'Match Log'!$E$4:$E$1510,"Loss"))))) | F7: =IF($A7=F$4,"—",IF((SUMPRODUCT(('Match Log'!$D$4:$D$1510=$A7)*('Match Log'!$E$4:$E$1510="Win")*COUNTIFS('Match Log'!$A$4:$A$1510,'Match Log'!$A$4:$A$1510,'Match Log'!$D$4:$D$1510,F$4,'Match Log'!$E$4:$E$1510,"Loss"))+SUMPRODUCT(('Match Log'!$D$4:$D$1510=F$4)*('Match Log'!$E$4:$E$1510="Win")*COUNTIFS('Match Log'!$A$4:$A$1510,'Match Log'!$A$4:$A$1510,'Match Log'!$D$4:$D$1510,$A7,'Match Log'!$E$4:$E$1510,"Loss")))=0,"",TEXT(SUMPRODUCT(('Match Log'!$D$4:$D$1510=$A7)*('Match Log'!$E$4:$E$1510="Win")*COUNTIFS('Match Log'!$A$4:$A$1510,'Match Log'!$A$4:$A$1510,'Match Log'!$D$4:$D$1510,F$4,'Match Log'!$E$4:$E$1510,"Loss"))/(SUMPRODUCT(('Match Log'!$D$4:$D$1510=$A7)*('Match Log'!$E$4:$E$1510="Win")*COUNTIFS('Match Log'!$A$4:$A$1510,'Match Log'!$A$4:$A$1510,'Match Log'!$D$4:$D$1510,F$4,'Match Log'!$E$4:$E$1510,"Loss"))+SUMPRODUCT(('Match Log'!$D$4:$D$1510=F$4)*('Match Log'!$E$4:$E$1510="Win")*COUNTIFS('Match Log'!$A$4:$A$1510,'Match Log'!$A$4:$A$1510,'Match Log'!$D$4:$D$1510,$A7,'Match Log'!$E$4:$E$1510,"Loss"))),"0%")&" of "&(SUMPRODUCT(('Match Log'!$D$4:$D$1510=$A7)*('Match Log'!$E$4:$E$1510="Win")*COUNTIFS('Match Log'!$A$4:$A$1510,'Match Log'!$A$4:$A$1510,'Match Log'!$D$4:$D$1510,F$4,'Match Log'!$E$4:$E$1510,"Loss"))+SUMPRODUCT(('Match Log'!$D$4:$D$1510=F$4)*('Match Log'!$E$4:$E$1510="Win")*COUNTIFS('Match Log'!$A$4:$A$1510,'Match Log'!$A$4:$A$1510,'Match Log'!$D$4:$D$1510,$A7,'Match Log'!$E$4:$E$1510,"Loss"))))) -> 0% of 1 | G7: =IF($A7=G$4,"—",IF((SUMPRODUCT(('Match Log'!$D$4:$D$1510=$A7)*('Match Log'!$E$4:$E$1510="Win")*COUNTIFS('Match Log'!$A$4:$A$1510,'Match Log'!$A$4:$A$1510,'Match Log'!$D$4:$D$1510,G$4,'Match Log'!$E$4:$E$1510,"Loss"))+SUMPRODUCT(('Match Log'!$D$4:$D$1510=G$4)*('Match Log'!$E$4:$E$1510="Win")*COUNTIFS('Match Log'!$A$4:$A$1510,'Match Log'!$A$4:$A$1510,'Match Log'!$D$4:$D$1510,$A7,'Match Log'!$E$4:$E$1510,"Loss")))=0,"",TEXT(SUMPRODUCT(('Match Log'!$D$4:$D$1510=$A7)*('Match Log'!$E$4:$E$1510="Win")*COUNTIFS('Match Log'!$A$4:$A$1510,'Match Log'!$A$4:$A$1510,'Match Log'!$D$4:$D$1510,G$4,'Match Log'!$E$4:$E$1510,"Loss"))/(SUMPRODUCT(('Match Log'!$D$4:$D$1510=$A7)*('Match Log'!$E$4:$E$1510="Win")*COUNTIFS('Match Log'!$A$4:$A$1510,'Match Log'!$A$4:$A$1510,'Match Log'!$D$4:$D$1510,G$4,'Match Log'!$E$4:$E$1510,"Loss"))+SUMPRODUCT(('Match Log'!$D$4:$D$1510=G$4)*('Match Log'!$E$4:$E$1510="Win")*COUNTIFS('Match Log'!$A$4:$A$1510,'Match Log'!$A$4:$A$1510,'Match Log'!$D$4:$D$1510,$A7,'Match Log'!$E$4:$E$1510,"Loss"))),"0%")&" of "&(SUMPRODUCT(('Match Log'!$D$4:$D$1510=$A7)*('Match Log'!$E$4:$E$1510="Win")*COUNTIFS('Match Log'!$A$4:$A$1510,'Match Log'!$A$4:$A$1510,'Match Log'!$D$4:$D$1510,G$4,'Match Log'!$E$4:$E$1510,"Loss"))+SUMPRODUCT(('Match Log'!$D$4:$D$1510=G$4)*('Match Log'!$E$4:$E$1510="Win")*COUNTIFS('Match Log'!$A$4:$A$1510,'Match Log'!$A$4:$A$1510,'Match Log'!$D$4:$D$1510,$A7,'Match Log'!$E$4:$E$1510,"Loss"))))) -> 27% of 11 | H7: =IF($A7=H$4,"—",IF((SUMPRODUCT(('Match Log'!$D$4:$D$1510=$A7)*('Match Log'!$E$4:$E$1510="Win")*COUNTIFS('Match Log'!$A$4:$A$1510,'Match Log'!$A$4:$A$1510,'Match Log'!$D$4:$D$1510,H$4,'Match Log'!$E$4:$E$1510,"Loss"))+SUMPRODUCT(('Match Log'!$D$4:$D$1510=H$4)*('Match Log'!$E$4:$E$1510="Win")*COUNTIFS('Match Log'!$A$4:$A$1510,'Match Log'!$A$4:$A$1510,'Match Log'!$D$4:$D$1510,$A7,'Match Log'!$E$4:$E$1510,"Loss")))=0,"",TEXT(SUMPRODUCT(('Match Log'!$D$4:$D$1510=$A7)*('Match Log'!$E$4:$E$1510="Win")*COUNTIFS('Match Log'!$A$4:$A$1510,'Match Log'!$A$4:$A$1510,'Match Log'!$D$4:$D$1510,H$4,'Match Log'!$E$4:$E$1510,"Loss"))/(SUMPRODUCT(('Match Log'!$D$4:$D$1510=$A7)*('Match Log'!$E$4:$E$1510="Win")*COUNTIFS('Match Log'!$A$4:$A$1510,'Match Log'!$A$4:$A$1510,'Match Log'!$D$4:$D$1510,H$4,'Match Log'!$E$4:$E$1510,"Loss"))+SUMPRODUCT(('Match Log'!$D$4:$D$1510=H$4)*('Match Log'!$E$4:$E$1510="Win")*COUNTIFS('Match Log'!$A$4:$A$1510,'Match Log'!$A$4:$A$1510,'Match Log'!$D$4:$D$1510,$A7,'Match Log'!$E$4:$E$1510,"Loss"))),"0%")&" of "&(SUMPRODUCT(('Match Log'!$D$4:$D$1510=$A7)*('Match Log'!$E$4:$E$1510="Win")*COUNTIFS('Match Log'!$A$4:$A$1510,'Match Log'!$A$4:$A$1510,'Match Log'!$D$4:$D$1510,H$4,'Match Log'!$E$4:$E$1510,"Loss"))+SUMPRODUCT(('Match Log'!$D$4:$D$1510=H$4)*('Match Log'!$E$4:$E$1510="Win")*COUNTIFS('Match Log'!$A$4:$A$1510,'Match Log'!$A$4:$A$1510,'Match Log'!$D$4:$D$1510,$A7,'Match Log'!$E$4:$E$1510,"Loss"))))) -> 100% of 2 | I7: =IF($A7=I$4,"—",IF((SUMPRODUCT(('Match Log'!$D$4:$D$1510=$A7)*('Match Log'!$E$4:$E$1510="Win")*COUNTIFS('Match Log'!$A$4:$A$1510,'Match Log'!$A$4:$A$1510,'Match Log'!$D$4:$D$1510,I$4,'Match Log'!$E$4:$E$1510,"Loss"))+SUMPRODUCT(('Match Log'!$D$4:$D$1510=I$4)*('Match Log'!$E$4:$E$1510="Win")*COUNTIFS('Match Log'!$A$4:$A$1510,'Match Log'!$A$4:$A$1510,'Match Log'!$D$4:$D$1510,$A7,'Match Log'!$E$4:$E$1510,"Loss")))=0,"",TEXT(SUMPRODUCT(('Match Log'!$D$4:$D$1510=$A7)*('Match Log'!$E$4:$E$1510="Win")*COUNTIFS('Match Log'!$A$4:$A$1510,'Match Log'!$A$4:$A$1510,'Match Log'!$D$4:$D$1510,I$4,'Match Log'!$E$4:$E$1510,"Loss"))/(SUMPRODUCT(('Match Log'!$D$4:$D$1510=$A7)*('Match Log'!$E$4:$E$1510="Win")*COUNTIFS('Match Log'!$A$4:$A$1510,'Match Log'!$A$4:$A$1510,'Match Log'!$D$4:$D$1510,I$4,'Match Log'!$E$4:$E$1510,"Loss"))+SUMPRODUCT(('Match Log'!$D$4:$D$1510=I$4)*('Match Log'!$E$4:$E$1510="Win")*COUNTIFS('Match Log'!$A$4:$A$1510,'Match Log'!$A$4:$A$1510,'Match Log'!$D$4:$D$1510,$A7,'Match Log'!$E$4:$E$1510,"Loss"))),"0%")&" of "&(SUMPRODUCT(('Match Log'!$D$4:$D$1510=$A7)*('Match Log'!$E$4:$E$1510="Win")*COUNTIFS('Match Log'!$A$4:$A$1510,'Match Log'!$A$4:$A$1510,'Match Log'!$D$4:$D$1510,I$4,'Match Log'!$E$4:$E$1510,"Loss"))+SUMPRODUCT(('Match Log'!$D$4:$D$1510=I$4)*('Match Log'!$E$4:$E$1510="Win")*COUNTIFS('Match Log'!$A$4:$A$1510,'Match Log'!$A$4:$A$1510,'Match Log'!$D$4:$D$1510,$A7,'Match Log'!$E$4:$E$1510,"Loss"))))) -> 86% of 7 | ... O7: =IF($A7=O$4,"—",IF((SUMPRODUCT(('Match Log'!$D$4:$D$1510=$A7)*('Match Log'!$E$4:$E$1510="Win")*COUNTIFS('Match Log'!$A$4:$A$1510,'Match Log'!$A$4:$A$1510,'Match Log'!$D$4:$D$1510,O$4,'Match Log'!$E$4:$E$1510,"Loss"))+SUMPRODUCT(('Match Log'!$D$4:$D$1510=O$4)*('Match Log'!$E$4:$E$1510="Win")*COUNTIFS('Match Log'!$A$4:$A$1510,'Match Log'!$A$4:$A$1510,'Match Log'!$D$4:$D$1510,$A7,'Match Log'!$E$4:$E$1510,"Loss")))=0,"",TEXT(SUMPRODUCT(('Match Log'!$D$4:$D$1510=$A7)*('Match Log'!$E$4:$E$1510="Win")*COUNTIFS('Match Log'!$A$4:$A$1510,'Match Log'!$A$4:$A$1510,'Match Log'!$D$4:$D$1510,O$4,'Match Log'!$E$4:$E$1510,"Loss"))/(SUMPRODUCT(('Match Log'!$D$4:$D$1510=$A7)*('Match Log'!$E$4:$E$1510="Win")*COUNTIFS('Match Log'!$A$4:$A$1510,'Match Log'!$A$4:$A$1510,'Match Log'!$D$4:$D$1510,O$4,'Match Log'!$E$4:$E$1510,"Loss"))+SUMPRODUCT(('Match Log'!$D$4:$D$1510=O$4)*('Match Log'!$E$4:$E$1510="Win")*COUNTIFS('Match Log'!$A$4:$A$1510,'Match Log'!$A$4:$A$1510,'Match Log'!$D$4:$D$1510,$A7,'Match Log'!$E$4:$E$1510,"Loss"))),"0%")&" of "&(SUMPRODUCT(('Match Log'!$D$4:$D$1510=$A7)*('Match Log'!$E$4:$E$1510="Win")*COUNTIFS('Match Log'!$A$4:$A$1510,'Match Log'!$A$4:$A$1510,'Match Log'!$D$4:$D$1510,O$4,'Match Log'!$E$4:$E$1510,"Loss"))+SUMPRODUCT(('Match Log'!$D$4:$D$1510=O$4)*('Match Log'!$E$4:$E$1510="Win")*COUNTIFS('Match Log'!$A$4:$A$1510,'Match Log'!$A$4:$A$1510,'Match Log'!$D$4:$D$1510,$A7,'Match Log'!$E$4:$E$1510,"Loss")))))
A8: David | B8: =IF($A8=B$4,"—",IF((SUMPRODUCT(('Match Log'!$D$4:$D$1510=$A8)*('Match Log'!$E$4:$E$1510="Win")*COUNTIFS('Match Log'!$A$4:$A$1510,'Match Log'!$A$4:$A$1510,'Match Log'!$D$4:$D$1510,B$4,'Match Log'!$E$4:$E$1510,"Loss"))+SUMPRODUCT(('Match Log'!$D$4:$D$1510=B$4)*('Match Log'!$E$4:$E$1510="Win")*COUNTIFS('Match Log'!$A$4:$A$1510,'Match Log'!$A$4:$A$1510,'Match Log'!$D$4:$D$1510,$A8,'Match Log'!$E$4:$E$1510,"Loss")))=0,"",TEXT(SUMPRODUCT(('Match Log'!$D$4:$D$1510=$A8)*('Match Log'!$E$4:$E$1510="Win")*COUNTIFS('Match Log'!$A$4:$A$1510,'Match Log'!$A$4:$A$1510,'Match Log'!$D$4:$D$1510,B$4,'Match Log'!$E$4:$E$1510,"Loss"))/(SUMPRODUCT(('Match Log'!$D$4:$D$1510=$A8)*('Match Log'!$E$4:$E$1510="Win")*COUNTIFS('Match Log'!$A$4:$A$1510,'Match Log'!$A$4:$A$1510,'Match Log'!$D$4:$D$1510,B$4,'Match Log'!$E$4:$E$1510,"Loss"))+SUMPRODUCT(('Match Log'!$D$4:$D$1510=B$4)*('Match Log'!$E$4:$E$1510="Win")*COUNTIFS('Match Log'!$A$4:$A$1510,'Match Log'!$A$4:$A$1510,'Match Log'!$D$4:$D$1510,$A8,'Match Log'!$E$4:$E$1510,"Loss"))),"0%")&" of "&(SUMPRODUCT(('Match Log'!$D$4:$D$1510=$A8)*('Match Log'!$E$4:$E$1510="Win")*COUNTIFS('Match Log'!$A$4:$A$1510,'Match Log'!$A$4:$A$1510,'Match Log'!$D$4:$D$1510,B$4,'Match Log'!$E$4:$E$1510,"Loss"))+SUMPRODUCT(('Match Log'!$D$4:$D$1510=B$4)*('Match Log'!$E$4:$E$1510="Win")*COUNTIFS('Match Log'!$A$4:$A$1510,'Match Log'!$A$4:$A$1510,'Match Log'!$D$4:$D$1510,$A8,'Match Log'!$E$4:$E$1510,"Loss"))))) -> 29% of 7 | C8: =IF($A8=C$4,"—",IF((SUMPRODUCT(('Match Log'!$D$4:$D$1510=$A8)*('Match Log'!$E$4:$E$1510="Win")*COUNTIFS('Match Log'!$A$4:$A$1510,'Match Log'!$A$4:$A$1510,'Match Log'!$D$4:$D$1510,C$4,'Match Log'!$E$4:$E$1510,"Loss"))+SUMPRODUCT(('Match Log'!$D$4:$D$1510=C$4)*('Match Log'!$E$4:$E$1510="Win")*COUNTIFS('Match Log'!$A$4:$A$1510,'Match Log'!$A$4:$A$1510,'Match Log'!$D$4:$D$1510,$A8,'Match Log'!$E$4:$E$1510,"Loss")))=0,"",TEXT(SUMPRODUCT(('Match Log'!$D$4:$D$1510=$A8)*('Match Log'!$E$4:$E$1510="Win")*COUNTIFS('Match Log'!$A$4:$A$1510,'Match Log'!$A$4:$A$1510,'Match Log'!$D$4:$D$1510,C$4,'Match Log'!$E$4:$E$1510,"Loss"))/(SUMPRODUCT(('Match Log'!$D$4:$D$1510=$A8)*('Match Log'!$E$4:$E$1510="Win")*COUNTIFS('Match Log'!$A$4:$A$1510,'Match Log'!$A$4:$A$1510,'Match Log'!$D$4:$D$1510,C$4,'Match Log'!$E$4:$E$1510,"Loss"))+SUMPRODUCT(('Match Log'!$D$4:$D$1510=C$4)*('Match Log'!$E$4:$E$1510="Win")*COUNTIFS('Match Log'!$A$4:$A$1510,'Match Log'!$A$4:$A$1510,'Match Log'!$D$4:$D$1510,$A8,'Match Log'!$E$4:$E$1510,"Loss"))),"0%")&" of "&(SUMPRODUCT(('Match Log'!$D$4:$D$1510=$A8)*('Match Log'!$E$4:$E$1510="Win")*COUNTIFS('Match Log'!$A$4:$A$1510,'Match Log'!$A$4:$A$1510,'Match Log'!$D$4:$D$1510,C$4,'Match Log'!$E$4:$E$1510,"Loss"))+SUMPRODUCT(('Match Log'!$D$4:$D$1510=C$4)*('Match Log'!$E$4:$E$1510="Win")*COUNTIFS('Match Log'!$A$4:$A$1510,'Match Log'!$A$4:$A$1510,'Match Log'!$D$4:$D$1510,$A8,'Match Log'!$E$4:$E$1510,"Loss"))))) -> 100% of 1 | D8: =IF($A8=D$4,"—",IF((SUMPRODUCT(('Match Log'!$D$4:$D$1510=$A8)*('Match Log'!$E$4:$E$1510="Win")*COUNTIFS('Match Log'!$A$4:$A$1510,'Match Log'!$A$4:$A$1510,'Match Log'!$D$4:$D$1510,D$4,'Match Log'!$E$4:$E$1510,"Loss"))+SUMPRODUCT(('Match Log'!$D$4:$D$1510=D$4)*('Match Log'!$E$4:$E$1510="Win")*COUNTIFS('Match Log'!$A$4:$A$1510,'Match Log'!$A$4:$A$1510,'Match Log'!$D$4:$D$1510,$A8,'Match Log'!$E$4:$E$1510,"Loss")))=0,"",TEXT(SUMPRODUCT(('Match Log'!$D$4:$D$1510=$A8)*('Match Log'!$E$4:$E$1510="Win")*COUNTIFS('Match Log'!$A$4:$A$1510,'Match Log'!$A$4:$A$1510,'Match Log'!$D$4:$D$1510,D$4,'Match Log'!$E$4:$E$1510,"Loss"))/(SUMPRODUCT(('Match Log'!$D$4:$D$1510=$A8)*('Match Log'!$E$4:$E$1510="Win")*COUNTIFS('Match Log'!$A$4:$A$1510,'Match Log'!$A$4:$A$1510,'Match Log'!$D$4:$D$1510,D$4,'Match Log'!$E$4:$E$1510,"Loss"))+SUMPRODUCT(('Match Log'!$D$4:$D$1510=D$4)*('Match Log'!$E$4:$E$1510="Win")*COUNTIFS('Match Log'!$A$4:$A$1510,'Match Log'!$A$4:$A$1510,'Match Log'!$D$4:$D$1510,$A8,'Match Log'!$E$4:$E$1510,"Loss"))),"0%")&" of "&(SUMPRODUCT(('Match Log'!$D$4:$D$1510=$A8)*('Match Log'!$E$4:$E$1510="Win")*COUNTIFS('Match Log'!$A$4:$A$1510,'Match Log'!$A$4:$A$1510,'Match Log'!$D$4:$D$1510,D$4,'Match Log'!$E$4:$E$1510,"Loss"))+SUMPRODUCT(('Match Log'!$D$4:$D$1510=D$4)*('Match Log'!$E$4:$E$1510="Win")*COUNTIFS('Match Log'!$A$4:$A$1510,'Match Log'!$A$4:$A$1510,'Match Log'!$D$4:$D$1510,$A8,'Match Log'!$E$4:$E$1510,"Loss"))))) | E8: =IF($A8=E$4,"—",IF((SUMPRODUCT(('Match Log'!$D$4:$D$1510=$A8)*('Match Log'!$E$4:$E$1510="Win")*COUNTIFS('Match Log'!$A$4:$A$1510,'Match Log'!$A$4:$A$1510,'Match Log'!$D$4:$D$1510,E$4,'Match Log'!$E$4:$E$1510,"Loss"))+SUMPRODUCT(('Match Log'!$D$4:$D$1510=E$4)*('Match Log'!$E$4:$E$1510="Win")*COUNTIFS('Match Log'!$A$4:$A$1510,'Match Log'!$A$4:$A$1510,'Match Log'!$D$4:$D$1510,$A8,'Match Log'!$E$4:$E$1510,"Loss")))=0,"",TEXT(SUMPRODUCT(('Match Log'!$D$4:$D$1510=$A8)*('Match Log'!$E$4:$E$1510="Win")*COUNTIFS('Match Log'!$A$4:$A$1510,'Match Log'!$A$4:$A$1510,'Match Log'!$D$4:$D$1510,E$4,'Match Log'!$E$4:$E$1510,"Loss"))/(SUMPRODUCT(('Match Log'!$D$4:$D$1510=$A8)*('Match Log'!$E$4:$E$1510="Win")*COUNTIFS('Match Log'!$A$4:$A$1510,'Match Log'!$A$4:$A$1510,'Match Log'!$D$4:$D$1510,E$4,'Match Log'!$E$4:$E$1510,"Loss"))+SUMPRODUCT(('Match Log'!$D$4:$D$1510=E$4)*('Match Log'!$E$4:$E$1510="Win")*COUNTIFS('Match Log'!$A$4:$A$1510,'Match Log'!$A$4:$A$1510,'Match Log'!$D$4:$D$1510,$A8,'Match Log'!$E$4:$E$1510,"Loss"))),"0%")&" of "&(SUMPRODUCT(('Match Log'!$D$4:$D$1510=$A8)*('Match Log'!$E$4:$E$1510="Win")*COUNTIFS('Match Log'!$A$4:$A$1510,'Match Log'!$A$4:$A$1510,'Match Log'!$D$4:$D$1510,E$4,'Match Log'!$E$4:$E$1510,"Loss"))+SUMPRODUCT(('Match Log'!$D$4:$D$1510=E$4)*('Match Log'!$E$4:$E$1510="Win")*COUNTIFS('Match Log'!$A$4:$A$1510,'Match Log'!$A$4:$A$1510,'Match Log'!$D$4:$D$1510,$A8,'Match Log'!$E$4:$E$1510,"Loss"))))) -> — | F8: =IF($A8=F$4,"—",IF((SUMPRODUCT(('Match Log'!$D$4:$D$1510=$A8)*('Match Log'!$E$4:$E$1510="Win")*COUNTIFS('Match Log'!$A$4:$A$1510,'Match Log'!$A$4:$A$1510,'Match Log'!$D$4:$D$1510,F$4,'Match Log'!$E$4:$E$1510,"Loss"))+SUMPRODUCT(('Match Log'!$D$4:$D$1510=F$4)*('Match Log'!$E$4:$E$1510="Win")*COUNTIFS('Match Log'!$A$4:$A$1510,'Match Log'!$A$4:$A$1510,'Match Log'!$D$4:$D$1510,$A8,'Match Log'!$E$4:$E$1510,"Loss")))=0,"",TEXT(SUMPRODUCT(('Match Log'!$D$4:$D$1510=$A8)*('Match Log'!$E$4:$E$1510="Win")*COUNTIFS('Match Log'!$A$4:$A$1510,'Match Log'!$A$4:$A$1510,'Match Log'!$D$4:$D$1510,F$4,'Match Log'!$E$4:$E$1510,"Loss"))/(SUMPRODUCT(('Match Log'!$D$4:$D$1510=$A8)*('Match Log'!$E$4:$E$1510="Win")*COUNTIFS('Match Log'!$A$4:$A$1510,'Match Log'!$A$4:$A$1510,'Match Log'!$D$4:$D$1510,F$4,'Match Log'!$E$4:$E$1510,"Loss"))+SUMPRODUCT(('Match Log'!$D$4:$D$1510=F$4)*('Match Log'!$E$4:$E$1510="Win")*COUNTIFS('Match Log'!$A$4:$A$1510,'Match Log'!$A$4:$A$1510,'Match Log'!$D$4:$D$1510,$A8,'Match Log'!$E$4:$E$1510,"Loss"))),"0%")&" of "&(SUMPRODUCT(('Match Log'!$D$4:$D$1510=$A8)*('Match Log'!$E$4:$E$1510="Win")*COUNTIFS('Match Log'!$A$4:$A$1510,'Match Log'!$A$4:$A$1510,'Match Log'!$D$4:$D$1510,F$4,'Match Log'!$E$4:$E$1510,"Loss"))+SUMPRODUCT(('Match Log'!$D$4:$D$1510=F$4)*('Match Log'!$E$4:$E$1510="Win")*COUNTIFS('Match Log'!$A$4:$A$1510,'Match Log'!$A$4:$A$1510,'Match Log'!$D$4:$D$1510,$A8,'Match Log'!$E$4:$E$1510,"Loss"))))) -> 25% of 4 | G8: =IF($A8=G$4,"—",IF((SUMPRODUCT(('Match Log'!$D$4:$D$1510=$A8)*('Match Log'!$E$4:$E$1510="Win")*COUNTIFS('Match Log'!$A$4:$A$1510,'Match Log'!$A$4:$A$1510,'Match Log'!$D$4:$D$1510,G$4,'Match Log'!$E$4:$E$1510,"Loss"))+SUMPRODUCT(('Match Log'!$D$4:$D$1510=G$4)*('Match Log'!$E$4:$E$1510="Win")*COUNTIFS('Match Log'!$A$4:$A$1510,'Match Log'!$A$4:$A$1510,'Match Log'!$D$4:$D$1510,$A8,'Match Log'!$E$4:$E$1510,"Loss")))=0,"",TEXT(SUMPRODUCT(('Match Log'!$D$4:$D$1510=$A8)*('Match Log'!$E$4:$E$1510="Win")*COUNTIFS('Match Log'!$A$4:$A$1510,'Match Log'!$A$4:$A$1510,'Match Log'!$D$4:$D$1510,G$4,'Match Log'!$E$4:$E$1510,"Loss"))/(SUMPRODUCT(('Match Log'!$D$4:$D$1510=$A8)*('Match Log'!$E$4:$E$1510="Win")*COUNTIFS('Match Log'!$A$4:$A$1510,'Match Log'!$A$4:$A$1510,'Match Log'!$D$4:$D$1510,G$4,'Match Log'!$E$4:$E$1510,"Loss"))+SUMPRODUCT(('Match Log'!$D$4:$D$1510=G$4)*('Match Log'!$E$4:$E$1510="Win")*COUNTIFS('Match Log'!$A$4:$A$1510,'Match Log'!$A$4:$A$1510,'Match Log'!$D$4:$D$1510,$A8,'Match Log'!$E$4:$E$1510,"Loss"))),"0%")&" of "&(SUMPRODUCT(('Match Log'!$D$4:$D$1510=$A8)*('Match Log'!$E$4:$E$1510="Win")*COUNTIFS('Match Log'!$A$4:$A$1510,'Match Log'!$A$4:$A$1510,'Match Log'!$D$4:$D$1510,G$4,'Match Log'!$E$4:$E$1510,"Loss"))+SUMPRODUCT(('Match Log'!$D$4:$D$1510=G$4)*('Match Log'!$E$4:$E$1510="Win")*COUNTIFS('Match Log'!$A$4:$A$1510,'Match Log'!$A$4:$A$1510,'Match Log'!$D$4:$D$1510,$A8,'Match Log'!$E$4:$E$1510,"Loss"))))) -> 50% of 2 | H8: =IF($A8=H$4,"—",IF((SUMPRODUCT(('Match Log'!$D$4:$D$1510=$A8)*('Match Log'!$E$4:$E$1510="Win")*COUNTIFS('Match Log'!$A$4:$A$1510,'Match Log'!$A$4:$A$1510,'Match Log'!$D$4:$D$1510,H$4,'Match Log'!$E$4:$E$1510,"Loss"))+SUMPRODUCT(('Match Log'!$D$4:$D$1510=H$4)*('Match Log'!$E$4:$E$1510="Win")*COUNTIFS('Match Log'!$A$4:$A$1510,'Match Log'!$A$4:$A$1510,'Match Log'!$D$4:$D$1510,$A8,'Match Log'!$E$4:$E$1510,"Loss")))=0,"",TEXT(SUMPRODUCT(('Match Log'!$D$4:$D$1510=$A8)*('Match Log'!$E$4:$E$1510="Win")*COUNTIFS('Match Log'!$A$4:$A$1510,'Match Log'!$A$4:$A$1510,'Match Log'!$D$4:$D$1510,H$4,'Match Log'!$E$4:$E$1510,"Loss"))/(SUMPRODUCT(('Match Log'!$D$4:$D$1510=$A8)*('Match Log'!$E$4:$E$1510="Win")*COUNTIFS('Match Log'!$A$4:$A$1510,'Match Log'!$A$4:$A$1510,'Match Log'!$D$4:$D$1510,H$4,'Match Log'!$E$4:$E$1510,"Loss"))+SUMPRODUCT(('Match Log'!$D$4:$D$1510=H$4)*('Match Log'!$E$4:$E$1510="Win")*COUNTIFS('Match Log'!$A$4:$A$1510,'Match Log'!$A$4:$A$1510,'Match Log'!$D$4:$D$1510,$A8,'Match Log'!$E$4:$E$1510,"Loss"))),"0%")&" of "&(SUMPRODUCT(('Match Log'!$D$4:$D$1510=$A8)*('Match Log'!$E$4:$E$1510="Win")*COUNTIFS('Match Log'!$A$4:$A$1510,'Match Log'!$A$4:$A$1510,'Match Log'!$D$4:$D$1510,H$4,'Match Log'!$E$4:$E$1510,"Loss"))+SUMPRODUCT(('Match Log'!$D$4:$D$1510=H$4)*('Match Log'!$E$4:$E$1510="Win")*COUNTIFS('Match Log'!$A$4:$A$1510,'Match Log'!$A$4:$A$1510,'Match Log'!$D$4:$D$1510,$A8,'Match Log'!$E$4:$E$1510,"Loss"))))) -> 50% of 2 | I8: =IF($A8=I$4,"—",IF((SUMPRODUCT(('Match Log'!$D$4:$D$1510=$A8)*('Match Log'!$E$4:$E$1510="Win")*COUNTIFS('Match Log'!$A$4:$A$1510,'Match Log'!$A$4:$A$1510,'Match Log'!$D$4:$D$1510,I$4,'Match Log'!$E$4:$E$1510,"Loss"))+SUMPRODUCT(('Match Log'!$D$4:$D$1510=I$4)*('Match Log'!$E$4:$E$1510="Win")*COUNTIFS('Match Log'!$A$4:$A$1510,'Match Log'!$A$4:$A$1510,'Match Log'!$D$4:$D$1510,$A8,'Match Log'!$E$4:$E$1510,"Loss")))=0,"",TEXT(SUMPRODUCT(('Match Log'!$D$4:$D$1510=$A8)*('Match Log'!$E$4:$E$1510="Win")*COUNTIFS('Match Log'!$A$4:$A$1510,'Match Log'!$A$4:$A$1510,'Match Log'!$D$4:$D$1510,I$4,'Match Log'!$E$4:$E$1510,"Loss"))/(SUMPRODUCT(('Match Log'!$D$4:$D$1510=$A8)*('Match Log'!$E$4:$E$1510="Win")*COUNTIFS('Match Log'!$A$4:$A$1510,'Match Log'!$A$4:$A$1510,'Match Log'!$D$4:$D$1510,I$4,'Match Log'!$E$4:$E$1510,"Loss"))+SUMPRODUCT(('Match Log'!$D$4:$D$1510=I$4)*('Match Log'!$E$4:$E$1510="Win")*COUNTIFS('Match Log'!$A$4:$A$1510,'Match Log'!$A$4:$A$1510,'Match Log'!$D$4:$D$1510,$A8,'Match Log'!$E$4:$E$1510,"Loss"))),"0%")&" of "&(SUMPRODUCT(('Match Log'!$D$4:$D$1510=$A8)*('Match Log'!$E$4:$E$1510="Win")*COUNTIFS('Match Log'!$A$4:$A$1510,'Match Log'!$A$4:$A$1510,'Match Log'!$D$4:$D$1510,I$4,'Match Log'!$E$4:$E$1510,"Loss"))+SUMPRODUCT(('Match Log'!$D$4:$D$1510=I$4)*('Match Log'!$E$4:$E$1510="Win")*COUNTIFS('Match Log'!$A$4:$A$1510,'Match Log'!$A$4:$A$1510,'Match Log'!$D$4:$D$1510,$A8,'Match Log'!$E$4:$E$1510,"Loss"))))) -> 0% of 4 | ... O8: =IF($A8=O$4,"—",IF((SUMPRODUCT(('Match Log'!$D$4:$D$1510=$A8)*('Match Log'!$E$4:$E$1510="Win")*COUNTIFS('Match Log'!$A$4:$A$1510,'Match Log'!$A$4:$A$1510,'Match Log'!$D$4:$D$1510,O$4,'Match Log'!$E$4:$E$1510,"Loss"))+SUMPRODUCT(('Match Log'!$D$4:$D$1510=O$4)*('Match Log'!$E$4:$E$1510="Win")*COUNTIFS('Match Log'!$A$4:$A$1510,'Match Log'!$A$4:$A$1510,'Match Log'!$D$4:$D$1510,$A8,'Match Log'!$E$4:$E$1510,"Loss")))=0,"",TEXT(SUMPRODUCT(('Match Log'!$D$4:$D$1510=$A8)*('Match Log'!$E$4:$E$1510="Win")*COUNTIFS('Match Log'!$A$4:$A$1510,'Match Log'!$A$4:$A$1510,'Match Log'!$D$4:$D$1510,O$4,'Match Log'!$E$4:$E$1510,"Loss"))/(SUMPRODUCT(('Match Log'!$D$4:$D$1510=$A8)*('Match Log'!$E$4:$E$1510="Win")*COUNTIFS('Match Log'!$A$4:$A$1510,'Match Log'!$A$4:$A$1510,'Match Log'!$D$4:$D$1510,O$4,'Match Log'!$E$4:$E$1510,"Loss"))+SUMPRODUCT(('Match Log'!$D$4:$D$1510=O$4)*('Match Log'!$E$4:$E$1510="Win")*COUNTIFS('Match Log'!$A$4:$A$1510,'Match Log'!$A$4:$A$1510,'Match Log'!$D$4:$D$1510,$A8,'Match Log'!$E$4:$E$1510,"Loss"))),"0%")&" of "&(SUMPRODUCT(('Match Log'!$D$4:$D$1510=$A8)*('Match Log'!$E$4:$E$1510="Win")*COUNTIFS('Match Log'!$A$4:$A$1510,'Match Log'!$A$4:$A$1510,'Match Log'!$D$4:$D$1510,O$4,'Match Log'!$E$4:$E$1510,"Loss"))+SUMPRODUCT(('Match Log'!$D$4:$D$1510=O$4)*('Match Log'!$E$4:$E$1510="Win")*COUNTIFS('Match Log'!$A$4:$A$1510,'Match Log'!$A$4:$A$1510,'Match Log'!$D$4:$D$1510,$A8,'Match Log'!$E$4:$E$1510,"Loss")))))
A9: Josh | B9: =IF($A9=B$4,"—",IF((SUMPRODUCT(('Match Log'!$D$4:$D$1510=$A9)*('Match Log'!$E$4:$E$1510="Win")*COUNTIFS('Match Log'!$A$4:$A$1510,'Match Log'!$A$4:$A$1510,'Match Log'!$D$4:$D$1510,B$4,'Match Log'!$E$4:$E$1510,"Loss"))+SUMPRODUCT(('Match Log'!$D$4:$D$1510=B$4)*('Match Log'!$E$4:$E$1510="Win")*COUNTIFS('Match Log'!$A$4:$A$1510,'Match Log'!$A$4:$A$1510,'Match Log'!$D$4:$D$1510,$A9,'Match Log'!$E$4:$E$1510,"Loss")))=0,"",TEXT(SUMPRODUCT(('Match Log'!$D$4:$D$1510=$A9)*('Match Log'!$E$4:$E$1510="Win")*COUNTIFS('Match Log'!$A$4:$A$1510,'Match Log'!$A$4:$A$1510,'Match Log'!$D$4:$D$1510,B$4,'Match Log'!$E$4:$E$1510,"Loss"))/(SUMPRODUCT(('Match Log'!$D$4:$D$1510=$A9)*('Match Log'!$E$4:$E$1510="Win")*COUNTIFS('Match Log'!$A$4:$A$1510,'Match Log'!$A$4:$A$1510,'Match Log'!$D$4:$D$1510,B$4,'Match Log'!$E$4:$E$1510,"Loss"))+SUMPRODUCT(('Match Log'!$D$4:$D$1510=B$4)*('Match Log'!$E$4:$E$1510="Win")*COUNTIFS('Match Log'!$A$4:$A$1510,'Match Log'!$A$4:$A$1510,'Match Log'!$D$4:$D$1510,$A9,'Match Log'!$E$4:$E$1510,"Loss"))),"0%")&" of "&(SUMPRODUCT(('Match Log'!$D$4:$D$1510=$A9)*('Match Log'!$E$4:$E$1510="Win")*COUNTIFS('Match Log'!$A$4:$A$1510,'Match Log'!$A$4:$A$1510,'Match Log'!$D$4:$D$1510,B$4,'Match Log'!$E$4:$E$1510,"Loss"))+SUMPRODUCT(('Match Log'!$D$4:$D$1510=B$4)*('Match Log'!$E$4:$E$1510="Win")*COUNTIFS('Match Log'!$A$4:$A$1510,'Match Log'!$A$4:$A$1510,'Match Log'!$D$4:$D$1510,$A9,'Match Log'!$E$4:$E$1510,"Loss"))))) -> 33% of 3 | C9: =IF($A9=C$4,"—",IF((SUMPRODUCT(('Match Log'!$D$4:$D$1510=$A9)*('Match Log'!$E$4:$E$1510="Win")*COUNTIFS('Match Log'!$A$4:$A$1510,'Match Log'!$A$4:$A$1510,'Match Log'!$D$4:$D$1510,C$4,'Match Log'!$E$4:$E$1510,"Loss"))+SUMPRODUCT(('Match Log'!$D$4:$D$1510=C$4)*('Match Log'!$E$4:$E$1510="Win")*COUNTIFS('Match Log'!$A$4:$A$1510,'Match Log'!$A$4:$A$1510,'Match Log'!$D$4:$D$1510,$A9,'Match Log'!$E$4:$E$1510,"Loss")))=0,"",TEXT(SUMPRODUCT(('Match Log'!$D$4:$D$1510=$A9)*('Match Log'!$E$4:$E$1510="Win")*COUNTIFS('Match Log'!$A$4:$A$1510,'Match Log'!$A$4:$A$1510,'Match Log'!$D$4:$D$1510,C$4,'Match Log'!$E$4:$E$1510,"Loss"))/(SUMPRODUCT(('Match Log'!$D$4:$D$1510=$A9)*('Match Log'!$E$4:$E$1510="Win")*COUNTIFS('Match Log'!$A$4:$A$1510,'Match Log'!$A$4:$A$1510,'Match Log'!$D$4:$D$1510,C$4,'Match Log'!$E$4:$E$1510,"Loss"))+SUMPRODUCT(('Match Log'!$D$4:$D$1510=C$4)*('Match Log'!$E$4:$E$1510="Win")*COUNTIFS('Match Log'!$A$4:$A$1510,'Match Log'!$A$4:$A$1510,'Match Log'!$D$4:$D$1510,$A9,'Match Log'!$E$4:$E$1510,"Loss"))),"0%")&" of "&(SUMPRODUCT(('Match Log'!$D$4:$D$1510=$A9)*('Match Log'!$E$4:$E$1510="Win")*COUNTIFS('Match Log'!$A$4:$A$1510,'Match Log'!$A$4:$A$1510,'Match Log'!$D$4:$D$1510,C$4,'Match Log'!$E$4:$E$1510,"Loss"))+SUMPRODUCT(('Match Log'!$D$4:$D$1510=C$4)*('Match Log'!$E$4:$E$1510="Win")*COUNTIFS('Match Log'!$A$4:$A$1510,'Match Log'!$A$4:$A$1510,'Match Log'!$D$4:$D$1510,$A9,'Match Log'!$E$4:$E$1510,"Loss"))))) -> 100% of 1 | D9: =IF($A9=D$4,"—",IF((SUMPRODUCT(('Match Log'!$D$4:$D$1510=$A9)*('Match Log'!$E$4:$E$1510="Win")*COUNTIFS('Match Log'!$A$4:$A$1510,'Match Log'!$A$4:$A$1510,'Match Log'!$D$4:$D$1510,D$4,'Match Log'!$E$4:$E$1510,"Loss"))+SUMPRODUCT(('Match Log'!$D$4:$D$1510=D$4)*('Match Log'!$E$4:$E$1510="Win")*COUNTIFS('Match Log'!$A$4:$A$1510,'Match Log'!$A$4:$A$1510,'Match Log'!$D$4:$D$1510,$A9,'Match Log'!$E$4:$E$1510,"Loss")))=0,"",TEXT(SUMPRODUCT(('Match Log'!$D$4:$D$1510=$A9)*('Match Log'!$E$4:$E$1510="Win")*COUNTIFS('Match Log'!$A$4:$A$1510,'Match Log'!$A$4:$A$1510,'Match Log'!$D$4:$D$1510,D$4,'Match Log'!$E$4:$E$1510,"Loss"))/(SUMPRODUCT(('Match Log'!$D$4:$D$1510=$A9)*('Match Log'!$E$4:$E$1510="Win")*COUNTIFS('Match Log'!$A$4:$A$1510,'Match Log'!$A$4:$A$1510,'Match Log'!$D$4:$D$1510,D$4,'Match Log'!$E$4:$E$1510,"Loss"))+SUMPRODUCT(('Match Log'!$D$4:$D$1510=D$4)*('Match Log'!$E$4:$E$1510="Win")*COUNTIFS('Match Log'!$A$4:$A$1510,'Match Log'!$A$4:$A$1510,'Match Log'!$D$4:$D$1510,$A9,'Match Log'!$E$4:$E$1510,"Loss"))),"0%")&" of "&(SUMPRODUCT(('Match Log'!$D$4:$D$1510=$A9)*('Match Log'!$E$4:$E$1510="Win")*COUNTIFS('Match Log'!$A$4:$A$1510,'Match Log'!$A$4:$A$1510,'Match Log'!$D$4:$D$1510,D$4,'Match Log'!$E$4:$E$1510,"Loss"))+SUMPRODUCT(('Match Log'!$D$4:$D$1510=D$4)*('Match Log'!$E$4:$E$1510="Win")*COUNTIFS('Match Log'!$A$4:$A$1510,'Match Log'!$A$4:$A$1510,'Match Log'!$D$4:$D$1510,$A9,'Match Log'!$E$4:$E$1510,"Loss"))))) -> 100% of 1 | E9: =IF($A9=E$4,"—",IF((SUMPRODUCT(('Match Log'!$D$4:$D$1510=$A9)*('Match Log'!$E$4:$E$1510="Win")*COUNTIFS('Match Log'!$A$4:$A$1510,'Match Log'!$A$4:$A$1510,'Match Log'!$D$4:$D$1510,E$4,'Match Log'!$E$4:$E$1510,"Loss"))+SUMPRODUCT(('Match Log'!$D$4:$D$1510=E$4)*('Match Log'!$E$4:$E$1510="Win")*COUNTIFS('Match Log'!$A$4:$A$1510,'Match Log'!$A$4:$A$1510,'Match Log'!$D$4:$D$1510,$A9,'Match Log'!$E$4:$E$1510,"Loss")))=0,"",TEXT(SUMPRODUCT(('Match Log'!$D$4:$D$1510=$A9)*('Match Log'!$E$4:$E$1510="Win")*COUNTIFS('Match Log'!$A$4:$A$1510,'Match Log'!$A$4:$A$1510,'Match Log'!$D$4:$D$1510,E$4,'Match Log'!$E$4:$E$1510,"Loss"))/(SUMPRODUCT(('Match Log'!$D$4:$D$1510=$A9)*('Match Log'!$E$4:$E$1510="Win")*COUNTIFS('Match Log'!$A$4:$A$1510,'Match Log'!$A$4:$A$1510,'Match Log'!$D$4:$D$1510,E$4,'Match Log'!$E$4:$E$1510,"Loss"))+SUMPRODUCT(('Match Log'!$D$4:$D$1510=E$4)*('Match Log'!$E$4:$E$1510="Win")*COUNTIFS('Match Log'!$A$4:$A$1510,'Match Log'!$A$4:$A$1510,'Match Log'!$D$4:$D$1510,$A9,'Match Log'!$E$4:$E$1510,"Loss"))),"0%")&" of "&(SUMPRODUCT(('Match Log'!$D$4:$D$1510=$A9)*('Match Log'!$E$4:$E$1510="Win")*COUNTIFS('Match Log'!$A$4:$A$1510,'Match Log'!$A$4:$A$1510,'Match Log'!$D$4:$D$1510,E$4,'Match Log'!$E$4:$E$1510,"Loss"))+SUMPRODUCT(('Match Log'!$D$4:$D$1510=E$4)*('Match Log'!$E$4:$E$1510="Win")*COUNTIFS('Match Log'!$A$4:$A$1510,'Match Log'!$A$4:$A$1510,'Match Log'!$D$4:$D$1510,$A9,'Match Log'!$E$4:$E$1510,"Loss"))))) -> 75% of 4 | F9: =IF($A9=F$4,"—",IF((SUMPRODUCT(('Match Log'!$D$4:$D$1510=$A9)*('Match Log'!$E$4:$E$1510="Win")*COUNTIFS('Match Log'!$A$4:$A$1510,'Match Log'!$A$4:$A$1510,'Match Log'!$D$4:$D$1510,F$4,'Match Log'!$E$4:$E$1510,"Loss"))+SUMPRODUCT(('Match Log'!$D$4:$D$1510=F$4)*('Match Log'!$E$4:$E$1510="Win")*COUNTIFS('Match Log'!$A$4:$A$1510,'Match Log'!$A$4:$A$1510,'Match Log'!$D$4:$D$1510,$A9,'Match Log'!$E$4:$E$1510,"Loss")))=0,"",TEXT(SUMPRODUCT(('Match Log'!$D$4:$D$1510=$A9)*('Match Log'!$E$4:$E$1510="Win")*COUNTIFS('Match Log'!$A$4:$A$1510,'Match Log'!$A$4:$A$1510,'Match Log'!$D$4:$D$1510,F$4,'Match Log'!$E$4:$E$1510,"Loss"))/(SUMPRODUCT(('Match Log'!$D$4:$D$1510=$A9)*('Match Log'!$E$4:$E$1510="Win")*COUNTIFS('Match Log'!$A$4:$A$1510,'Match Log'!$A$4:$A$1510,'Match Log'!$D$4:$D$1510,F$4,'Match Log'!$E$4:$E$1510,"Loss"))+SUMPRODUCT(('Match Log'!$D$4:$D$1510=F$4)*('Match Log'!$E$4:$E$1510="Win")*COUNTIFS('Match Log'!$A$4:$A$1510,'Match Log'!$A$4:$A$1510,'Match Log'!$D$4:$D$1510,$A9,'Match Log'!$E$4:$E$1510,"Loss"))),"0%")&" of "&(SUMPRODUCT(('Match Log'!$D$4:$D$1510=$A9)*('Match Log'!$E$4:$E$1510="Win")*COUNTIFS('Match Log'!$A$4:$A$1510,'Match Log'!$A$4:$A$1510,'Match Log'!$D$4:$D$1510,F$4,'Match Log'!$E$4:$E$1510,"Loss"))+SUMPRODUCT(('Match Log'!$D$4:$D$1510=F$4)*('Match Log'!$E$4:$E$1510="Win")*COUNTIFS('Match Log'!$A$4:$A$1510,'Match Log'!$A$4:$A$1510,'Match Log'!$D$4:$D$1510,$A9,'Match Log'!$E$4:$E$1510,"Loss"))))) -> — | G9: =IF($A9=G$4,"—",IF((SUMPRODUCT(('Match Log'!$D$4:$D$1510=$A9)*('Match Log'!$E$4:$E$1510="Win")*COUNTIFS('Match Log'!$A$4:$A$1510,'Match Log'!$A$4:$A$1510,'Match Log'!$D$4:$D$1510,G$4,'Match Log'!$E$4:$E$1510,"Loss"))+SUMPRODUCT(('Match Log'!$D$4:$D$1510=G$4)*('Match Log'!$E$4:$E$1510="Win")*COUNTIFS('Match Log'!$A$4:$A$1510,'Match Log'!$A$4:$A$1510,'Match Log'!$D$4:$D$1510,$A9,'Match Log'!$E$4:$E$1510,"Loss")))=0,"",TEXT(SUMPRODUCT(('Match Log'!$D$4:$D$1510=$A9)*('Match Log'!$E$4:$E$1510="Win")*COUNTIFS('Match Log'!$A$4:$A$1510,'Match Log'!$A$4:$A$1510,'Match Log'!$D$4:$D$1510,G$4,'Match Log'!$E$4:$E$1510,"Loss"))/(SUMPRODUCT(('Match Log'!$D$4:$D$1510=$A9)*('Match Log'!$E$4:$E$1510="Win")*COUNTIFS('Match Log'!$A$4:$A$1510,'Match Log'!$A$4:$A$1510,'Match Log'!$D$4:$D$1510,G$4,'Match Log'!$E$4:$E$1510,"Loss"))+SUMPRODUCT(('Match Log'!$D$4:$D$1510=G$4)*('Match Log'!$E$4:$E$1510="Win")*COUNTIFS('Match Log'!$A$4:$A$1510,'Match Log'!$A$4:$A$1510,'Match Log'!$D$4:$D$1510,$A9,'Match Log'!$E$4:$E$1510,"Loss"))),"0%")&" of "&(SUMPRODUCT(('Match Log'!$D$4:$D$1510=$A9)*('Match Log'!$E$4:$E$1510="Win")*COUNTIFS('Match Log'!$A$4:$A$1510,'Match Log'!$A$4:$A$1510,'Match Log'!$D$4:$D$1510,G$4,'Match Log'!$E$4:$E$1510,"Loss"))+SUMPRODUCT(('Match Log'!$D$4:$D$1510=G$4)*('Match Log'!$E$4:$E$1510="Win")*COUNTIFS('Match Log'!$A$4:$A$1510,'Match Log'!$A$4:$A$1510,'Match Log'!$D$4:$D$1510,$A9,'Match Log'!$E$4:$E$1510,"Loss"))))) -> 62% of 13 | H9: =IF($A9=H$4,"—",IF((SUMPRODUCT(('Match Log'!$D$4:$D$1510=$A9)*('Match Log'!$E$4:$E$1510="Win")*COUNTIFS('Match Log'!$A$4:$A$1510,'Match Log'!$A$4:$A$1510,'Match Log'!$D$4:$D$1510,H$4,'Match Log'!$E$4:$E$1510,"Loss"))+SUMPRODUCT(('Match Log'!$D$4:$D$1510=H$4)*('Match Log'!$E$4:$E$1510="Win")*COUNTIFS('Match Log'!$A$4:$A$1510,'Match Log'!$A$4:$A$1510,'Match Log'!$D$4:$D$1510,$A9,'Match Log'!$E$4:$E$1510,"Loss")))=0,"",TEXT(SUMPRODUCT(('Match Log'!$D$4:$D$1510=$A9)*('Match Log'!$E$4:$E$1510="Win")*COUNTIFS('Match Log'!$A$4:$A$1510,'Match Log'!$A$4:$A$1510,'Match Log'!$D$4:$D$1510,H$4,'Match Log'!$E$4:$E$1510,"Loss"))/(SUMPRODUCT(('Match Log'!$D$4:$D$1510=$A9)*('Match Log'!$E$4:$E$1510="Win")*COUNTIFS('Match Log'!$A$4:$A$1510,'Match Log'!$A$4:$A$1510,'Match Log'!$D$4:$D$1510,H$4,'Match Log'!$E$4:$E$1510,"Loss"))+SUMPRODUCT(('Match Log'!$D$4:$D$1510=H$4)*('Match Log'!$E$4:$E$1510="Win")*COUNTIFS('Match Log'!$A$4:$A$1510,'Match Log'!$A$4:$A$1510,'Match Log'!$D$4:$D$1510,$A9,'Match Log'!$E$4:$E$1510,"Loss"))),"0%")&" of "&(SUMPRODUCT(('Match Log'!$D$4:$D$1510=$A9)*('Match Log'!$E$4:$E$1510="Win")*COUNTIFS('Match Log'!$A$4:$A$1510,'Match Log'!$A$4:$A$1510,'Match Log'!$D$4:$D$1510,H$4,'Match Log'!$E$4:$E$1510,"Loss"))+SUMPRODUCT(('Match Log'!$D$4:$D$1510=H$4)*('Match Log'!$E$4:$E$1510="Win")*COUNTIFS('Match Log'!$A$4:$A$1510,'Match Log'!$A$4:$A$1510,'Match Log'!$D$4:$D$1510,$A9,'Match Log'!$E$4:$E$1510,"Loss"))))) -> 67% of 3 | I9: =IF($A9=I$4,"—",IF((SUMPRODUCT(('Match Log'!$D$4:$D$1510=$A9)*('Match Log'!$E$4:$E$1510="Win")*COUNTIFS('Match Log'!$A$4:$A$1510,'Match Log'!$A$4:$A$1510,'Match Log'!$D$4:$D$1510,I$4,'Match Log'!$E$4:$E$1510,"Loss"))+SUMPRODUCT(('Match Log'!$D$4:$D$1510=I$4)*('Match Log'!$E$4:$E$1510="Win")*COUNTIFS('Match Log'!$A$4:$A$1510,'Match Log'!$A$4:$A$1510,'Match Log'!$D$4:$D$1510,$A9,'Match Log'!$E$4:$E$1510,"Loss")))=0,"",TEXT(SUMPRODUCT(('Match Log'!$D$4:$D$1510=$A9)*('Match Log'!$E$4:$E$1510="Win")*COUNTIFS('Match Log'!$A$4:$A$1510,'Match Log'!$A$4:$A$1510,'Match Log'!$D$4:$D$1510,I$4,'Match Log'!$E$4:$E$1510,"Loss"))/(SUMPRODUCT(('Match Log'!$D$4:$D$1510=$A9)*('Match Log'!$E$4:$E$1510="Win")*COUNTIFS('Match Log'!$A$4:$A$1510,'Match Log'!$A$4:$A$1510,'Match Log'!$D$4:$D$1510,I$4,'Match Log'!$E$4:$E$1510,"Loss"))+SUMPRODUCT(('Match Log'!$D$4:$D$1510=I$4)*('Match Log'!$E$4:$E$1510="Win")*COUNTIFS('Match Log'!$A$4:$A$1510,'Match Log'!$A$4:$A$1510,'Match Log'!$D$4:$D$1510,$A9,'Match Log'!$E$4:$E$1510,"Loss"))),"0%")&" of "&(SUMPRODUCT(('Match Log'!$D$4:$D$1510=$A9)*('Match Log'!$E$4:$E$1510="Win")*COUNTIFS('Match Log'!$A$4:$A$1510,'Match Log'!$A$4:$A$1510,'Match Log'!$D$4:$D$1510,I$4,'Match Log'!$E$4:$E$1510,"Loss"))+SUMPRODUCT(('Match Log'!$D$4:$D$1510=I$4)*('Match Log'!$E$4:$E$1510="Win")*COUNTIFS('Match Log'!$A$4:$A$1510,'Match Log'!$A$4:$A$1510,'Match Log'!$D$4:$D$1510,$A9,'Match Log'!$E$4:$E$1510,"Loss"))))) -> 64% of 33 | ... O9: =IF($A9=O$4,"—",IF((SUMPRODUCT(('Match Log'!$D$4:$D$1510=$A9)*('Match Log'!$E$4:$E$1510="Win")*COUNTIFS('Match Log'!$A$4:$A$1510,'Match Log'!$A$4:$A$1510,'Match Log'!$D$4:$D$1510,O$4,'Match Log'!$E$4:$E$1510,"Loss"))+SUMPRODUCT(('Match Log'!$D$4:$D$1510=O$4)*('Match Log'!$E$4:$E$1510="Win")*COUNTIFS('Match Log'!$A$4:$A$1510,'Match Log'!$A$4:$A$1510,'Match Log'!$D$4:$D$1510,$A9,'Match Log'!$E$4:$E$1510,"Loss")))=0,"",TEXT(SUMPRODUCT(('Match Log'!$D$4:$D$1510=$A9)*('Match Log'!$E$4:$E$1510="Win")*COUNTIFS('Match Log'!$A$4:$A$1510,'Match Log'!$A$4:$A$1510,'Match Log'!$D$4:$D$1510,O$4,'Match Log'!$E$4:$E$1510,"Loss"))/(SUMPRODUCT(('Match Log'!$D$4:$D$1510=$A9)*('Match Log'!$E$4:$E$1510="Win")*COUNTIFS('Match Log'!$A$4:$A$1510,'Match Log'!$A$4:$A$1510,'Match Log'!$D$4:$D$1510,O$4,'Match Log'!$E$4:$E$1510,"Loss"))+SUMPRODUCT(('Match Log'!$D$4:$D$1510=O$4)*('Match Log'!$E$4:$E$1510="Win")*COUNTIFS('Match Log'!$A$4:$A$1510,'Match Log'!$A$4:$A$1510,'Match Log'!$D$4:$D$1510,$A9,'Match Log'!$E$4:$E$1510,"Loss"))),"0%")&" of "&(SUMPRODUCT(('Match Log'!$D$4:$D$1510=$A9)*('Match Log'!$E$4:$E$1510="Win")*COUNTIFS('Match Log'!$A$4:$A$1510,'Match Log'!$A$4:$A$1510,'Match Log'!$D$4:$D$1510,O$4,'Match Log'!$E$4:$E$1510,"Loss"))+SUMPRODUCT(('Match Log'!$D$4:$D$1510=O$4)*('Match Log'!$E$4:$E$1510="Win")*COUNTIFS('Match Log'!$A$4:$A$1510,'Match Log'!$A$4:$A$1510,'Match Log'!$D$4:$D$1510,$A9,'Match Log'!$E$4:$E$1510,"Loss")))))
A10: Shawn | B10: =IF($A10=B$4,"—",IF((SUMPRODUCT(('Match Log'!$D$4:$D$1510=$A10)*('Match Log'!$E$4:$E$1510="Win")*COUNTIFS('Match Log'!$A$4:$A$1510,'Match Log'!$A$4:$A$1510,'Match Log'!$D$4:$D$1510,B$4,'Match Log'!$E$4:$E$1510,"Loss"))+SUMPRODUCT(('Match Log'!$D$4:$D$1510=B$4)*('Match Log'!$E$4:$E$1510="Win")*COUNTIFS('Match Log'!$A$4:$A$1510,'Match Log'!$A$4:$A$1510,'Match Log'!$D$4:$D$1510,$A10,'Match Log'!$E$4:$E$1510,"Loss")))=0,"",TEXT(SUMPRODUCT(('Match Log'!$D$4:$D$1510=$A10)*('Match Log'!$E$4:$E$1510="Win")*COUNTIFS('Match Log'!$A$4:$A$1510,'Match Log'!$A$4:$A$1510,'Match Log'!$D$4:$D$1510,B$4,'Match Log'!$E$4:$E$1510,"Loss"))/(SUMPRODUCT(('Match Log'!$D$4:$D$1510=$A10)*('Match Log'!$E$4:$E$1510="Win")*COUNTIFS('Match Log'!$A$4:$A$1510,'Match Log'!$A$4:$A$1510,'Match Log'!$D$4:$D$1510,B$4,'Match Log'!$E$4:$E$1510,"Loss"))+SUMPRODUCT(('Match Log'!$D$4:$D$1510=B$4)*('Match Log'!$E$4:$E$1510="Win")*COUNTIFS('Match Log'!$A$4:$A$1510,'Match Log'!$A$4:$A$1510,'Match Log'!$D$4:$D$1510,$A10,'Match Log'!$E$4:$E$1510,"Loss"))),"0%")&" of "&(SUMPRODUCT(('Match Log'!$D$4:$D$1510=$A10)*('Match Log'!$E$4:$E$1510="Win")*COUNTIFS('Match Log'!$A$4:$A$1510,'Match Log'!$A$4:$A$1510,'Match Log'!$D$4:$D$1510,B$4,'Match Log'!$E$4:$E$1510,"Loss"))+SUMPRODUCT(('Match Log'!$D$4:$D$1510=B$4)*('Match Log'!$E$4:$E$1510="Win")*COUNTIFS('Match Log'!$A$4:$A$1510,'Match Log'!$A$4:$A$1510,'Match Log'!$D$4:$D$1510,$A10,'Match Log'!$E$4:$E$1510,"Loss"))))) -> 56% of 54 | C10: =IF($A10=C$4,"—",IF((SUMPRODUCT(('Match Log'!$D$4:$D$1510=$A10)*('Match Log'!$E$4:$E$1510="Win")*COUNTIFS('Match Log'!$A$4:$A$1510,'Match Log'!$A$4:$A$1510,'Match Log'!$D$4:$D$1510,C$4,'Match Log'!$E$4:$E$1510,"Loss"))+SUMPRODUCT(('Match Log'!$D$4:$D$1510=C$4)*('Match Log'!$E$4:$E$1510="Win")*COUNTIFS('Match Log'!$A$4:$A$1510,'Match Log'!$A$4:$A$1510,'Match Log'!$D$4:$D$1510,$A10,'Match Log'!$E$4:$E$1510,"Loss")))=0,"",TEXT(SUMPRODUCT(('Match Log'!$D$4:$D$1510=$A10)*('Match Log'!$E$4:$E$1510="Win")*COUNTIFS('Match Log'!$A$4:$A$1510,'Match Log'!$A$4:$A$1510,'Match Log'!$D$4:$D$1510,C$4,'Match Log'!$E$4:$E$1510,"Loss"))/(SUMPRODUCT(('Match Log'!$D$4:$D$1510=$A10)*('Match Log'!$E$4:$E$1510="Win")*COUNTIFS('Match Log'!$A$4:$A$1510,'Match Log'!$A$4:$A$1510,'Match Log'!$D$4:$D$1510,C$4,'Match Log'!$E$4:$E$1510,"Loss"))+SUMPRODUCT(('Match Log'!$D$4:$D$1510=C$4)*('Match Log'!$E$4:$E$1510="Win")*COUNTIFS('Match Log'!$A$4:$A$1510,'Match Log'!$A$4:$A$1510,'Match Log'!$D$4:$D$1510,$A10,'Match Log'!$E$4:$E$1510,"Loss"))),"0%")&" of "&(SUMPRODUCT(('Match Log'!$D$4:$D$1510=$A10)*('Match Log'!$E$4:$E$1510="Win")*COUNTIFS('Match Log'!$A$4:$A$1510,'Match Log'!$A$4:$A$1510,'Match Log'!$D$4:$D$1510,C$4,'Match Log'!$E$4:$E$1510,"Loss"))+SUMPRODUCT(('Match Log'!$D$4:$D$1510=C$4)*('Match Log'!$E$4:$E$1510="Win")*COUNTIFS('Match Log'!$A$4:$A$1510,'Match Log'!$A$4:$A$1510,'Match Log'!$D$4:$D$1510,$A10,'Match Log'!$E$4:$E$1510,"Loss"))))) -> 100% of 1 | D10: =IF($A10=D$4,"—",IF((SUMPRODUCT(('Match Log'!$D$4:$D$1510=$A10)*('Match Log'!$E$4:$E$1510="Win")*COUNTIFS('Match Log'!$A$4:$A$1510,'Match Log'!$A$4:$A$1510,'Match Log'!$D$4:$D$1510,D$4,'Match Log'!$E$4:$E$1510,"Loss"))+SUMPRODUCT(('Match Log'!$D$4:$D$1510=D$4)*('Match Log'!$E$4:$E$1510="Win")*COUNTIFS('Match Log'!$A$4:$A$1510,'Match Log'!$A$4:$A$1510,'Match Log'!$D$4:$D$1510,$A10,'Match Log'!$E$4:$E$1510,"Loss")))=0,"",TEXT(SUMPRODUCT(('Match Log'!$D$4:$D$1510=$A10)*('Match Log'!$E$4:$E$1510="Win")*COUNTIFS('Match Log'!$A$4:$A$1510,'Match Log'!$A$4:$A$1510,'Match Log'!$D$4:$D$1510,D$4,'Match Log'!$E$4:$E$1510,"Loss"))/(SUMPRODUCT(('Match Log'!$D$4:$D$1510=$A10)*('Match Log'!$E$4:$E$1510="Win")*COUNTIFS('Match Log'!$A$4:$A$1510,'Match Log'!$A$4:$A$1510,'Match Log'!$D$4:$D$1510,D$4,'Match Log'!$E$4:$E$1510,"Loss"))+SUMPRODUCT(('Match Log'!$D$4:$D$1510=D$4)*('Match Log'!$E$4:$E$1510="Win")*COUNTIFS('Match Log'!$A$4:$A$1510,'Match Log'!$A$4:$A$1510,'Match Log'!$D$4:$D$1510,$A10,'Match Log'!$E$4:$E$1510,"Loss"))),"0%")&" of "&(SUMPRODUCT(('Match Log'!$D$4:$D$1510=$A10)*('Match Log'!$E$4:$E$1510="Win")*COUNTIFS('Match Log'!$A$4:$A$1510,'Match Log'!$A$4:$A$1510,'Match Log'!$D$4:$D$1510,D$4,'Match Log'!$E$4:$E$1510,"Loss"))+SUMPRODUCT(('Match Log'!$D$4:$D$1510=D$4)*('Match Log'!$E$4:$E$1510="Win")*COUNTIFS('Match Log'!$A$4:$A$1510,'Match Log'!$A$4:$A$1510,'Match Log'!$D$4:$D$1510,$A10,'Match Log'!$E$4:$E$1510,"Loss"))))) -> 73% of 11 | E10: =IF($A10=E$4,"—",IF((SUMPRODUCT(('Match Log'!$D$4:$D$1510=$A10)*('Match Log'!$E$4:$E$1510="Win")*COUNTIFS('Match Log'!$A$4:$A$1510,'Match Log'!$A$4:$A$1510,'Match Log'!$D$4:$D$1510,E$4,'Match Log'!$E$4:$E$1510,"Loss"))+SUMPRODUCT(('Match Log'!$D$4:$D$1510=E$4)*('Match Log'!$E$4:$E$1510="Win")*COUNTIFS('Match Log'!$A$4:$A$1510,'Match Log'!$A$4:$A$1510,'Match Log'!$D$4:$D$1510,$A10,'Match Log'!$E$4:$E$1510,"Loss")))=0,"",TEXT(SUMPRODUCT(('Match Log'!$D$4:$D$1510=$A10)*('Match Log'!$E$4:$E$1510="Win")*COUNTIFS('Match Log'!$A$4:$A$1510,'Match Log'!$A$4:$A$1510,'Match Log'!$D$4:$D$1510,E$4,'Match Log'!$E$4:$E$1510,"Loss"))/(SUMPRODUCT(('Match Log'!$D$4:$D$1510=$A10)*('Match Log'!$E$4:$E$1510="Win")*COUNTIFS('Match Log'!$A$4:$A$1510,'Match Log'!$A$4:$A$1510,'Match Log'!$D$4:$D$1510,E$4,'Match Log'!$E$4:$E$1510,"Loss"))+SUMPRODUCT(('Match Log'!$D$4:$D$1510=E$4)*('Match Log'!$E$4:$E$1510="Win")*COUNTIFS('Match Log'!$A$4:$A$1510,'Match Log'!$A$4:$A$1510,'Match Log'!$D$4:$D$1510,$A10,'Match Log'!$E$4:$E$1510,"Loss"))),"0%")&" of "&(SUMPRODUCT(('Match Log'!$D$4:$D$1510=$A10)*('Match Log'!$E$4:$E$1510="Win")*COUNTIFS('Match Log'!$A$4:$A$1510,'Match Log'!$A$4:$A$1510,'Match Log'!$D$4:$D$1510,E$4,'Match Log'!$E$4:$E$1510,"Loss"))+SUMPRODUCT(('Match Log'!$D$4:$D$1510=E$4)*('Match Log'!$E$4:$E$1510="Win")*COUNTIFS('Match Log'!$A$4:$A$1510,'Match Log'!$A$4:$A$1510,'Match Log'!$D$4:$D$1510,$A10,'Match Log'!$E$4:$E$1510,"Loss"))))) -> 50% of 2 | F10: =IF($A10=F$4,"—",IF((SUMPRODUCT(('Match Log'!$D$4:$D$1510=$A10)*('Match Log'!$E$4:$E$1510="Win")*COUNTIFS('Match Log'!$A$4:$A$1510,'Match Log'!$A$4:$A$1510,'Match Log'!$D$4:$D$1510,F$4,'Match Log'!$E$4:$E$1510,"Loss"))+SUMPRODUCT(('Match Log'!$D$4:$D$1510=F$4)*('Match Log'!$E$4:$E$1510="Win")*COUNTIFS('Match Log'!$A$4:$A$1510,'Match Log'!$A$4:$A$1510,'Match Log'!$D$4:$D$1510,$A10,'Match Log'!$E$4:$E$1510,"Loss")))=0,"",TEXT(SUMPRODUCT(('Match Log'!$D$4:$D$1510=$A10)*('Match Log'!$E$4:$E$1510="Win")*COUNTIFS('Match Log'!$A$4:$A$1510,'Match Log'!$A$4:$A$1510,'Match Log'!$D$4:$D$1510,F$4,'Match Log'!$E$4:$E$1510,"Loss"))/(SUMPRODUCT(('Match Log'!$D$4:$D$1510=$A10)*('Match Log'!$E$4:$E$1510="Win")*COUNTIFS('Match Log'!$A$4:$A$1510,'Match Log'!$A$4:$A$1510,'Match Log'!$D$4:$D$1510,F$4,'Match Log'!$E$4:$E$1510,"Loss"))+SUMPRODUCT(('Match Log'!$D$4:$D$1510=F$4)*('Match Log'!$E$4:$E$1510="Win")*COUNTIFS('Match Log'!$A$4:$A$1510,'Match Log'!$A$4:$A$1510,'Match Log'!$D$4:$D$1510,$A10,'Match Log'!$E$4:$E$1510,"Loss"))),"0%")&" of "&(SUMPRODUCT(('Match Log'!$D$4:$D$1510=$A10)*('Match Log'!$E$4:$E$1510="Win")*COUNTIFS('Match Log'!$A$4:$A$1510,'Match Log'!$A$4:$A$1510,'Match Log'!$D$4:$D$1510,F$4,'Match Log'!$E$4:$E$1510,"Loss"))+SUMPRODUCT(('Match Log'!$D$4:$D$1510=F$4)*('Match Log'!$E$4:$E$1510="Win")*COUNTIFS('Match Log'!$A$4:$A$1510,'Match Log'!$A$4:$A$1510,'Match Log'!$D$4:$D$1510,$A10,'Match Log'!$E$4:$E$1510,"Loss"))))) -> 38% of 13 | G10: =IF($A10=G$4,"—",IF((SUMPRODUCT(('Match Log'!$D$4:$D$1510=$A10)*('Match Log'!$E$4:$E$1510="Win")*COUNTIFS('Match Log'!$A$4:$A$1510,'Match Log'!$A$4:$A$1510,'Match Log'!$D$4:$D$1510,G$4,'Match Log'!$E$4:$E$1510,"Loss"))+SUMPRODUCT(('Match Log'!$D$4:$D$1510=G$4)*('Match Log'!$E$4:$E$1510="Win")*COUNTIFS('Match Log'!$A$4:$A$1510,'Match Log'!$A$4:$A$1510,'Match Log'!$D$4:$D$1510,$A10,'Match Log'!$E$4:$E$1510,"Loss")))=0,"",TEXT(SUMPRODUCT(('Match Log'!$D$4:$D$1510=$A10)*('Match Log'!$E$4:$E$1510="Win")*COUNTIFS('Match Log'!$A$4:$A$1510,'Match Log'!$A$4:$A$1510,'Match Log'!$D$4:$D$1510,G$4,'Match Log'!$E$4:$E$1510,"Loss"))/(SUMPRODUCT(('Match Log'!$D$4:$D$1510=$A10)*('Match Log'!$E$4:$E$1510="Win")*COUNTIFS('Match Log'!$A$4:$A$1510,'Match Log'!$A$4:$A$1510,'Match Log'!$D$4:$D$1510,G$4,'Match Log'!$E$4:$E$1510,"Loss"))+SUMPRODUCT(('Match Log'!$D$4:$D$1510=G$4)*('Match Log'!$E$4:$E$1510="Win")*COUNTIFS('Match Log'!$A$4:$A$1510,'Match Log'!$A$4:$A$1510,'Match Log'!$D$4:$D$1510,$A10,'Match Log'!$E$4:$E$1510,"Loss"))),"0%")&" of "&(SUMPRODUCT(('Match Log'!$D$4:$D$1510=$A10)*('Match Log'!$E$4:$E$1510="Win")*COUNTIFS('Match Log'!$A$4:$A$1510,'Match Log'!$A$4:$A$1510,'Match Log'!$D$4:$D$1510,G$4,'Match Log'!$E$4:$E$1510,"Loss"))+SUMPRODUCT(('Match Log'!$D$4:$D$1510=G$4)*('Match Log'!$E$4:$E$1510="Win")*COUNTIFS('Match Log'!$A$4:$A$1510,'Match Log'!$A$4:$A$1510,'Match Log'!$D$4:$D$1510,$A10,'Match Log'!$E$4:$E$1510,"Loss"))))) -> — | H10: =IF($A10=H$4,"—",IF((SUMPRODUCT(('Match Log'!$D$4:$D$1510=$A10)*('Match Log'!$E$4:$E$1510="Win")*COUNTIFS('Match Log'!$A$4:$A$1510,'Match Log'!$A$4:$A$1510,'Match Log'!$D$4:$D$1510,H$4,'Match Log'!$E$4:$E$1510,"Loss"))+SUMPRODUCT(('Match Log'!$D$4:$D$1510=H$4)*('Match Log'!$E$4:$E$1510="Win")*COUNTIFS('Match Log'!$A$4:$A$1510,'Match Log'!$A$4:$A$1510,'Match Log'!$D$4:$D$1510,$A10,'Match Log'!$E$4:$E$1510,"Loss")))=0,"",TEXT(SUMPRODUCT(('Match Log'!$D$4:$D$1510=$A10)*('Match Log'!$E$4:$E$1510="Win")*COUNTIFS('Match Log'!$A$4:$A$1510,'Match Log'!$A$4:$A$1510,'Match Log'!$D$4:$D$1510,H$4,'Match Log'!$E$4:$E$1510,"Loss"))/(SUMPRODUCT(('Match Log'!$D$4:$D$1510=$A10)*('Match Log'!$E$4:$E$1510="Win")*COUNTIFS('Match Log'!$A$4:$A$1510,'Match Log'!$A$4:$A$1510,'Match Log'!$D$4:$D$1510,H$4,'Match Log'!$E$4:$E$1510,"Loss"))+SUMPRODUCT(('Match Log'!$D$4:$D$1510=H$4)*('Match Log'!$E$4:$E$1510="Win")*COUNTIFS('Match Log'!$A$4:$A$1510,'Match Log'!$A$4:$A$1510,'Match Log'!$D$4:$D$1510,$A10,'Match Log'!$E$4:$E$1510,"Loss"))),"0%")&" of "&(SUMPRODUCT(('Match Log'!$D$4:$D$1510=$A10)*('Match Log'!$E$4:$E$1510="Win")*COUNTIFS('Match Log'!$A$4:$A$1510,'Match Log'!$A$4:$A$1510,'Match Log'!$D$4:$D$1510,H$4,'Match Log'!$E$4:$E$1510,"Loss"))+SUMPRODUCT(('Match Log'!$D$4:$D$1510=H$4)*('Match Log'!$E$4:$E$1510="Win")*COUNTIFS('Match Log'!$A$4:$A$1510,'Match Log'!$A$4:$A$1510,'Match Log'!$D$4:$D$1510,$A10,'Match Log'!$E$4:$E$1510,"Loss"))))) -> 38% of 13 | I10: =IF($A10=I$4,"—",IF((SUMPRODUCT(('Match Log'!$D$4:$D$1510=$A10)*('Match Log'!$E$4:$E$1510="Win")*COUNTIFS('Match Log'!$A$4:$A$1510,'Match Log'!$A$4:$A$1510,'Match Log'!$D$4:$D$1510,I$4,'Match Log'!$E$4:$E$1510,"Loss"))+SUMPRODUCT(('Match Log'!$D$4:$D$1510=I$4)*('Match Log'!$E$4:$E$1510="Win")*COUNTIFS('Match Log'!$A$4:$A$1510,'Match Log'!$A$4:$A$1510,'Match Log'!$D$4:$D$1510,$A10,'Match Log'!$E$4:$E$1510,"Loss")))=0,"",TEXT(SUMPRODUCT(('Match Log'!$D$4:$D$1510=$A10)*('Match Log'!$E$4:$E$1510="Win")*COUNTIFS('Match Log'!$A$4:$A$1510,'Match Log'!$A$4:$A$1510,'Match Log'!$D$4:$D$1510,I$4,'Match Log'!$E$4:$E$1510,"Loss"))/(SUMPRODUCT(('Match Log'!$D$4:$D$1510=$A10)*('Match Log'!$E$4:$E$1510="Win")*COUNTIFS('Match Log'!$A$4:$A$1510,'Match Log'!$A$4:$A$1510,'Match Log'!$D$4:$D$1510,I$4,'Match Log'!$E$4:$E$1510,"Loss"))+SUMPRODUCT(('Match Log'!$D$4:$D$1510=I$4)*('Match Log'!$E$4:$E$1510="Win")*COUNTIFS('Match Log'!$A$4:$A$1510,'Match Log'!$A$4:$A$1510,'Match Log'!$D$4:$D$1510,$A10,'Match Log'!$E$4:$E$1510,"Loss"))),"0%")&" of "&(SUMPRODUCT(('Match Log'!$D$4:$D$1510=$A10)*('Match Log'!$E$4:$E$1510="Win")*COUNTIFS('Match Log'!$A$4:$A$1510,'Match Log'!$A$4:$A$1510,'Match Log'!$D$4:$D$1510,I$4,'Match Log'!$E$4:$E$1510,"Loss"))+SUMPRODUCT(('Match Log'!$D$4:$D$1510=I$4)*('Match Log'!$E$4:$E$1510="Win")*COUNTIFS('Match Log'!$A$4:$A$1510,'Match Log'!$A$4:$A$1510,'Match Log'!$D$4:$D$1510,$A10,'Match Log'!$E$4:$E$1510,"Loss"))))) -> 53% of 68 | ... O10: =IF($A10=O$4,"—",IF((SUMPRODUCT(('Match Log'!$D$4:$D$1510=$A10)*('Match Log'!$E$4:$E$1510="Win")*COUNTIFS('Match Log'!$A$4:$A$1510,'Match Log'!$A$4:$A$1510,'Match Log'!$D$4:$D$1510,O$4,'Match Log'!$E$4:$E$1510,"Loss"))+SUMPRODUCT(('Match Log'!$D$4:$D$1510=O$4)*('Match Log'!$E$4:$E$1510="Win")*COUNTIFS('Match Log'!$A$4:$A$1510,'Match Log'!$A$4:$A$1510,'Match Log'!$D$4:$D$1510,$A10,'Match Log'!$E$4:$E$1510,"Loss")))=0,"",TEXT(SUMPRODUCT(('Match Log'!$D$4:$D$1510=$A10)*('Match Log'!$E$4:$E$1510="Win")*COUNTIFS('Match Log'!$A$4:$A$1510,'Match Log'!$A$4:$A$1510,'Match Log'!$D$4:$D$1510,O$4,'Match Log'!$E$4:$E$1510,"Loss"))/(SUMPRODUCT(('Match Log'!$D$4:$D$1510=$A10)*('Match Log'!$E$4:$E$1510="Win")*COUNTIFS('Match Log'!$A$4:$A$1510,'Match Log'!$A$4:$A$1510,'Match Log'!$D$4:$D$1510,O$4,'Match Log'!$E$4:$E$1510,"Loss"))+SUMPRODUCT(('Match Log'!$D$4:$D$1510=O$4)*('Match Log'!$E$4:$E$1510="Win")*COUNTIFS('Match Log'!$A$4:$A$1510,'Match Log'!$A$4:$A$1510,'Match Log'!$D$4:$D$1510,$A10,'Match Log'!$E$4:$E$1510,"Loss"))),"0%")&" of "&(SUMPRODUCT(('Match Log'!$D$4:$D$1510=$A10)*('Match Log'!$E$4:$E$1510="Win")*COUNTIFS('Match Log'!$A$4:$A$1510,'Match Log'!$A$4:$A$1510,'Match Log'!$D$4:$D$1510,O$4,'Match Log'!$E$4:$E$1510,"Loss"))+SUMPRODUCT(('Match Log'!$D$4:$D$1510=O$4)*('Match Log'!$E$4:$E$1510="Win")*COUNTIFS('Match Log'!$A$4:$A$1510,'Match Log'!$A$4:$A$1510,'Match Log'!$D$4:$D$1510,$A10,'Match Log'!$E$4:$E$1510,"Loss")))))
A11: Simon | B11: =IF($A11=B$4,"—",IF((SUMPRODUCT(('Match Log'!$D$4:$D$1510=$A11)*('Match Log'!$E$4:$E$1510="Win")*COUNTIFS('Match Log'!$A$4:$A$1510,'Match Log'!$A$4:$A$1510,'Match Log'!$D$4:$D$1510,B$4,'Match Log'!$E$4:$E$1510,"Loss"))+SUMPRODUCT(('Match Log'!$D$4:$D$1510=B$4)*('Match Log'!$E$4:$E$1510="Win")*COUNTIFS('Match Log'!$A$4:$A$1510,'Match Log'!$A$4:$A$1510,'Match Log'!$D$4:$D$1510,$A11,'Match Log'!$E$4:$E$1510,"Loss")))=0,"",TEXT(SUMPRODUCT(('Match Log'!$D$4:$D$1510=$A11)*('Match Log'!$E$4:$E$1510="Win")*COUNTIFS('Match Log'!$A$4:$A$1510,'Match Log'!$A$4:$A$1510,'Match Log'!$D$4:$D$1510,B$4,'Match Log'!$E$4:$E$1510,"Loss"))/(SUMPRODUCT(('Match Log'!$D$4:$D$1510=$A11)*('Match Log'!$E$4:$E$1510="Win")*COUNTIFS('Match Log'!$A$4:$A$1510,'Match Log'!$A$4:$A$1510,'Match Log'!$D$4:$D$1510,B$4,'Match Log'!$E$4:$E$1510,"Loss"))+SUMPRODUCT(('Match Log'!$D$4:$D$1510=B$4)*('Match Log'!$E$4:$E$1510="Win")*COUNTIFS('Match Log'!$A$4:$A$1510,'Match Log'!$A$4:$A$1510,'Match Log'!$D$4:$D$1510,$A11,'Match Log'!$E$4:$E$1510,"Loss"))),"0%")&" of "&(SUMPRODUCT(('Match Log'!$D$4:$D$1510=$A11)*('Match Log'!$E$4:$E$1510="Win")*COUNTIFS('Match Log'!$A$4:$A$1510,'Match Log'!$A$4:$A$1510,'Match Log'!$D$4:$D$1510,B$4,'Match Log'!$E$4:$E$1510,"Loss"))+SUMPRODUCT(('Match Log'!$D$4:$D$1510=B$4)*('Match Log'!$E$4:$E$1510="Win")*COUNTIFS('Match Log'!$A$4:$A$1510,'Match Log'!$A$4:$A$1510,'Match Log'!$D$4:$D$1510,$A11,'Match Log'!$E$4:$E$1510,"Loss"))))) -> 33% of 6 | C11: =IF($A11=C$4,"—",IF((SUMPRODUCT(('Match Log'!$D$4:$D$1510=$A11)*('Match Log'!$E$4:$E$1510="Win")*COUNTIFS('Match Log'!$A$4:$A$1510,'Match Log'!$A$4:$A$1510,'Match Log'!$D$4:$D$1510,C$4,'Match Log'!$E$4:$E$1510,"Loss"))+SUMPRODUCT(('Match Log'!$D$4:$D$1510=C$4)*('Match Log'!$E$4:$E$1510="Win")*COUNTIFS('Match Log'!$A$4:$A$1510,'Match Log'!$A$4:$A$1510,'Match Log'!$D$4:$D$1510,$A11,'Match Log'!$E$4:$E$1510,"Loss")))=0,"",TEXT(SUMPRODUCT(('Match Log'!$D$4:$D$1510=$A11)*('Match Log'!$E$4:$E$1510="Win")*COUNTIFS('Match Log'!$A$4:$A$1510,'Match Log'!$A$4:$A$1510,'Match Log'!$D$4:$D$1510,C$4,'Match Log'!$E$4:$E$1510,"Loss"))/(SUMPRODUCT(('Match Log'!$D$4:$D$1510=$A11)*('Match Log'!$E$4:$E$1510="Win")*COUNTIFS('Match Log'!$A$4:$A$1510,'Match Log'!$A$4:$A$1510,'Match Log'!$D$4:$D$1510,C$4,'Match Log'!$E$4:$E$1510,"Loss"))+SUMPRODUCT(('Match Log'!$D$4:$D$1510=C$4)*('Match Log'!$E$4:$E$1510="Win")*COUNTIFS('Match Log'!$A$4:$A$1510,'Match Log'!$A$4:$A$1510,'Match Log'!$D$4:$D$1510,$A11,'Match Log'!$E$4:$E$1510,"Loss"))),"0%")&" of "&(SUMPRODUCT(('Match Log'!$D$4:$D$1510=$A11)*('Match Log'!$E$4:$E$1510="Win")*COUNTIFS('Match Log'!$A$4:$A$1510,'Match Log'!$A$4:$A$1510,'Match Log'!$D$4:$D$1510,C$4,'Match Log'!$E$4:$E$1510,"Loss"))+SUMPRODUCT(('Match Log'!$D$4:$D$1510=C$4)*('Match Log'!$E$4:$E$1510="Win")*COUNTIFS('Match Log'!$A$4:$A$1510,'Match Log'!$A$4:$A$1510,'Match Log'!$D$4:$D$1510,$A11,'Match Log'!$E$4:$E$1510,"Loss"))))) -> 33% of 3 | D11: =IF($A11=D$4,"—",IF((SUMPRODUCT(('Match Log'!$D$4:$D$1510=$A11)*('Match Log'!$E$4:$E$1510="Win")*COUNTIFS('Match Log'!$A$4:$A$1510,'Match Log'!$A$4:$A$1510,'Match Log'!$D$4:$D$1510,D$4,'Match Log'!$E$4:$E$1510,"Loss"))+SUMPRODUCT(('Match Log'!$D$4:$D$1510=D$4)*('Match Log'!$E$4:$E$1510="Win")*COUNTIFS('Match Log'!$A$4:$A$1510,'Match Log'!$A$4:$A$1510,'Match Log'!$D$4:$D$1510,$A11,'Match Log'!$E$4:$E$1510,"Loss")))=0,"",TEXT(SUMPRODUCT(('Match Log'!$D$4:$D$1510=$A11)*('Match Log'!$E$4:$E$1510="Win")*COUNTIFS('Match Log'!$A$4:$A$1510,'Match Log'!$A$4:$A$1510,'Match Log'!$D$4:$D$1510,D$4,'Match Log'!$E$4:$E$1510,"Loss"))/(SUMPRODUCT(('Match Log'!$D$4:$D$1510=$A11)*('Match Log'!$E$4:$E$1510="Win")*COUNTIFS('Match Log'!$A$4:$A$1510,'Match Log'!$A$4:$A$1510,'Match Log'!$D$4:$D$1510,D$4,'Match Log'!$E$4:$E$1510,"Loss"))+SUMPRODUCT(('Match Log'!$D$4:$D$1510=D$4)*('Match Log'!$E$4:$E$1510="Win")*COUNTIFS('Match Log'!$A$4:$A$1510,'Match Log'!$A$4:$A$1510,'Match Log'!$D$4:$D$1510,$A11,'Match Log'!$E$4:$E$1510,"Loss"))),"0%")&" of "&(SUMPRODUCT(('Match Log'!$D$4:$D$1510=$A11)*('Match Log'!$E$4:$E$1510="Win")*COUNTIFS('Match Log'!$A$4:$A$1510,'Match Log'!$A$4:$A$1510,'Match Log'!$D$4:$D$1510,D$4,'Match Log'!$E$4:$E$1510,"Loss"))+SUMPRODUCT(('Match Log'!$D$4:$D$1510=D$4)*('Match Log'!$E$4:$E$1510="Win")*COUNTIFS('Match Log'!$A$4:$A$1510,'Match Log'!$A$4:$A$1510,'Match Log'!$D$4:$D$1510,$A11,'Match Log'!$E$4:$E$1510,"Loss"))))) -> 0% of 2 | E11: =IF($A11=E$4,"—",IF((SUMPRODUCT(('Match Log'!$D$4:$D$1510=$A11)*('Match Log'!$E$4:$E$1510="Win")*COUNTIFS('Match Log'!$A$4:$A$1510,'Match Log'!$A$4:$A$1510,'Match Log'!$D$4:$D$1510,E$4,'Match Log'!$E$4:$E$1510,"Loss"))+SUMPRODUCT(('Match Log'!$D$4:$D$1510=E$4)*('Match Log'!$E$4:$E$1510="Win")*COUNTIFS('Match Log'!$A$4:$A$1510,'Match Log'!$A$4:$A$1510,'Match Log'!$D$4:$D$1510,$A11,'Match Log'!$E$4:$E$1510,"Loss")))=0,"",TEXT(SUMPRODUCT(('Match Log'!$D$4:$D$1510=$A11)*('Match Log'!$E$4:$E$1510="Win")*COUNTIFS('Match Log'!$A$4:$A$1510,'Match Log'!$A$4:$A$1510,'Match Log'!$D$4:$D$1510,E$4,'Match Log'!$E$4:$E$1510,"Loss"))/(SUMPRODUCT(('Match Log'!$D$4:$D$1510=$A11)*('Match Log'!$E$4:$E$1510="Win")*COUNTIFS('Match Log'!$A$4:$A$1510,'Match Log'!$A$4:$A$1510,'Match Log'!$D$4:$D$1510,E$4,'Match Log'!$E$4:$E$1510,"Loss"))+SUMPRODUCT(('Match Log'!$D$4:$D$1510=E$4)*('Match Log'!$E$4:$E$1510="Win")*COUNTIFS('Match Log'!$A$4:$A$1510,'Match Log'!$A$4:$A$1510,'Match Log'!$D$4:$D$1510,$A11,'Match Log'!$E$4:$E$1510,"Loss"))),"0%")&" of "&(SUMPRODUCT(('Match Log'!$D$4:$D$1510=$A11)*('Match Log'!$E$4:$E$1510="Win")*COUNTIFS('Match Log'!$A$4:$A$1510,'Match Log'!$A$4:$A$1510,'Match Log'!$D$4:$D$1510,E$4,'Match Log'!$E$4:$E$1510,"Loss"))+SUMPRODUCT(('Match Log'!$D$4:$D$1510=E$4)*('Match Log'!$E$4:$E$1510="Win")*COUNTIFS('Match Log'!$A$4:$A$1510,'Match Log'!$A$4:$A$1510,'Match Log'!$D$4:$D$1510,$A11,'Match Log'!$E$4:$E$1510,"Loss"))))) -> 50% of 2 | F11: =IF($A11=F$4,"—",IF((SUMPRODUCT(('Match Log'!$D$4:$D$1510=$A11)*('Match Log'!$E$4:$E$1510="Win")*COUNTIFS('Match Log'!$A$4:$A$1510,'Match Log'!$A$4:$A$1510,'Match Log'!$D$4:$D$1510,F$4,'Match Log'!$E$4:$E$1510,"Loss"))+SUMPRODUCT(('Match Log'!$D$4:$D$1510=F$4)*('Match Log'!$E$4:$E$1510="Win")*COUNTIFS('Match Log'!$A$4:$A$1510,'Match Log'!$A$4:$A$1510,'Match Log'!$D$4:$D$1510,$A11,'Match Log'!$E$4:$E$1510,"Loss")))=0,"",TEXT(SUMPRODUCT(('Match Log'!$D$4:$D$1510=$A11)*('Match Log'!$E$4:$E$1510="Win")*COUNTIFS('Match Log'!$A$4:$A$1510,'Match Log'!$A$4:$A$1510,'Match Log'!$D$4:$D$1510,F$4,'Match Log'!$E$4:$E$1510,"Loss"))/(SUMPRODUCT(('Match Log'!$D$4:$D$1510=$A11)*('Match Log'!$E$4:$E$1510="Win")*COUNTIFS('Match Log'!$A$4:$A$1510,'Match Log'!$A$4:$A$1510,'Match Log'!$D$4:$D$1510,F$4,'Match Log'!$E$4:$E$1510,"Loss"))+SUMPRODUCT(('Match Log'!$D$4:$D$1510=F$4)*('Match Log'!$E$4:$E$1510="Win")*COUNTIFS('Match Log'!$A$4:$A$1510,'Match Log'!$A$4:$A$1510,'Match Log'!$D$4:$D$1510,$A11,'Match Log'!$E$4:$E$1510,"Loss"))),"0%")&" of "&(SUMPRODUCT(('Match Log'!$D$4:$D$1510=$A11)*('Match Log'!$E$4:$E$1510="Win")*COUNTIFS('Match Log'!$A$4:$A$1510,'Match Log'!$A$4:$A$1510,'Match Log'!$D$4:$D$1510,F$4,'Match Log'!$E$4:$E$1510,"Loss"))+SUMPRODUCT(('Match Log'!$D$4:$D$1510=F$4)*('Match Log'!$E$4:$E$1510="Win")*COUNTIFS('Match Log'!$A$4:$A$1510,'Match Log'!$A$4:$A$1510,'Match Log'!$D$4:$D$1510,$A11,'Match Log'!$E$4:$E$1510,"Loss"))))) -> 33% of 3 | G11: =IF($A11=G$4,"—",IF((SUMPRODUCT(('Match Log'!$D$4:$D$1510=$A11)*('Match Log'!$E$4:$E$1510="Win")*COUNTIFS('Match Log'!$A$4:$A$1510,'Match Log'!$A$4:$A$1510,'Match Log'!$D$4:$D$1510,G$4,'Match Log'!$E$4:$E$1510,"Loss"))+SUMPRODUCT(('Match Log'!$D$4:$D$1510=G$4)*('Match Log'!$E$4:$E$1510="Win")*COUNTIFS('Match Log'!$A$4:$A$1510,'Match Log'!$A$4:$A$1510,'Match Log'!$D$4:$D$1510,$A11,'Match Log'!$E$4:$E$1510,"Loss")))=0,"",TEXT(SUMPRODUCT(('Match Log'!$D$4:$D$1510=$A11)*('Match Log'!$E$4:$E$1510="Win")*COUNTIFS('Match Log'!$A$4:$A$1510,'Match Log'!$A$4:$A$1510,'Match Log'!$D$4:$D$1510,G$4,'Match Log'!$E$4:$E$1510,"Loss"))/(SUMPRODUCT(('Match Log'!$D$4:$D$1510=$A11)*('Match Log'!$E$4:$E$1510="Win")*COUNTIFS('Match Log'!$A$4:$A$1510,'Match Log'!$A$4:$A$1510,'Match Log'!$D$4:$D$1510,G$4,'Match Log'!$E$4:$E$1510,"Loss"))+SUMPRODUCT(('Match Log'!$D$4:$D$1510=G$4)*('Match Log'!$E$4:$E$1510="Win")*COUNTIFS('Match Log'!$A$4:$A$1510,'Match Log'!$A$4:$A$1510,'Match Log'!$D$4:$D$1510,$A11,'Match Log'!$E$4:$E$1510,"Loss"))),"0%")&" of "&(SUMPRODUCT(('Match Log'!$D$4:$D$1510=$A11)*('Match Log'!$E$4:$E$1510="Win")*COUNTIFS('Match Log'!$A$4:$A$1510,'Match Log'!$A$4:$A$1510,'Match Log'!$D$4:$D$1510,G$4,'Match Log'!$E$4:$E$1510,"Loss"))+SUMPRODUCT(('Match Log'!$D$4:$D$1510=G$4)*('Match Log'!$E$4:$E$1510="Win")*COUNTIFS('Match Log'!$A$4:$A$1510,'Match Log'!$A$4:$A$1510,'Match Log'!$D$4:$D$1510,$A11,'Match Log'!$E$4:$E$1510,"Loss"))))) -> 62% of 13 | H11: =IF($A11=H$4,"—",IF((SUMPRODUCT(('Match Log'!$D$4:$D$1510=$A11)*('Match Log'!$E$4:$E$1510="Win")*COUNTIFS('Match Log'!$A$4:$A$1510,'Match Log'!$A$4:$A$1510,'Match Log'!$D$4:$D$1510,H$4,'Match Log'!$E$4:$E$1510,"Loss"))+SUMPRODUCT(('Match Log'!$D$4:$D$1510=H$4)*('Match Log'!$E$4:$E$1510="Win")*COUNTIFS('Match Log'!$A$4:$A$1510,'Match Log'!$A$4:$A$1510,'Match Log'!$D$4:$D$1510,$A11,'Match Log'!$E$4:$E$1510,"Loss")))=0,"",TEXT(SUMPRODUCT(('Match Log'!$D$4:$D$1510=$A11)*('Match Log'!$E$4:$E$1510="Win")*COUNTIFS('Match Log'!$A$4:$A$1510,'Match Log'!$A$4:$A$1510,'Match Log'!$D$4:$D$1510,H$4,'Match Log'!$E$4:$E$1510,"Loss"))/(SUMPRODUCT(('Match Log'!$D$4:$D$1510=$A11)*('Match Log'!$E$4:$E$1510="Win")*COUNTIFS('Match Log'!$A$4:$A$1510,'Match Log'!$A$4:$A$1510,'Match Log'!$D$4:$D$1510,H$4,'Match Log'!$E$4:$E$1510,"Loss"))+SUMPRODUCT(('Match Log'!$D$4:$D$1510=H$4)*('Match Log'!$E$4:$E$1510="Win")*COUNTIFS('Match Log'!$A$4:$A$1510,'Match Log'!$A$4:$A$1510,'Match Log'!$D$4:$D$1510,$A11,'Match Log'!$E$4:$E$1510,"Loss"))),"0%")&" of "&(SUMPRODUCT(('Match Log'!$D$4:$D$1510=$A11)*('Match Log'!$E$4:$E$1510="Win")*COUNTIFS('Match Log'!$A$4:$A$1510,'Match Log'!$A$4:$A$1510,'Match Log'!$D$4:$D$1510,H$4,'Match Log'!$E$4:$E$1510,"Loss"))+SUMPRODUCT(('Match Log'!$D$4:$D$1510=H$4)*('Match Log'!$E$4:$E$1510="Win")*COUNTIFS('Match Log'!$A$4:$A$1510,'Match Log'!$A$4:$A$1510,'Match Log'!$D$4:$D$1510,$A11,'Match Log'!$E$4:$E$1510,"Loss"))))) -> — | I11: =IF($A11=I$4,"—",IF((SUMPRODUCT(('Match Log'!$D$4:$D$1510=$A11)*('Match Log'!$E$4:$E$1510="Win")*COUNTIFS('Match Log'!$A$4:$A$1510,'Match Log'!$A$4:$A$1510,'Match Log'!$D$4:$D$1510,I$4,'Match Log'!$E$4:$E$1510,"Loss"))+SUMPRODUCT(('Match Log'!$D$4:$D$1510=I$4)*('Match Log'!$E$4:$E$1510="Win")*COUNTIFS('Match Log'!$A$4:$A$1510,'Match Log'!$A$4:$A$1510,'Match Log'!$D$4:$D$1510,$A11,'Match Log'!$E$4:$E$1510,"Loss")))=0,"",TEXT(SUMPRODUCT(('Match Log'!$D$4:$D$1510=$A11)*('Match Log'!$E$4:$E$1510="Win")*COUNTIFS('Match Log'!$A$4:$A$1510,'Match Log'!$A$4:$A$1510,'Match Log'!$D$4:$D$1510,I$4,'Match Log'!$E$4:$E$1510,"Loss"))/(SUMPRODUCT(('Match Log'!$D$4:$D$1510=$A11)*('Match Log'!$E$4:$E$1510="Win")*COUNTIFS('Match Log'!$A$4:$A$1510,'Match Log'!$A$4:$A$1510,'Match Log'!$D$4:$D$1510,I$4,'Match Log'!$E$4:$E$1510,"Loss"))+SUMPRODUCT(('Match Log'!$D$4:$D$1510=I$4)*('Match Log'!$E$4:$E$1510="Win")*COUNTIFS('Match Log'!$A$4:$A$1510,'Match Log'!$A$4:$A$1510,'Match Log'!$D$4:$D$1510,$A11,'Match Log'!$E$4:$E$1510,"Loss"))),"0%")&" of "&(SUMPRODUCT(('Match Log'!$D$4:$D$1510=$A11)*('Match Log'!$E$4:$E$1510="Win")*COUNTIFS('Match Log'!$A$4:$A$1510,'Match Log'!$A$4:$A$1510,'Match Log'!$D$4:$D$1510,I$4,'Match Log'!$E$4:$E$1510,"Loss"))+SUMPRODUCT(('Match Log'!$D$4:$D$1510=I$4)*('Match Log'!$E$4:$E$1510="Win")*COUNTIFS('Match Log'!$A$4:$A$1510,'Match Log'!$A$4:$A$1510,'Match Log'!$D$4:$D$1510,$A11,'Match Log'!$E$4:$E$1510,"Loss"))))) -> 0% of 1 | ... O11: =IF($A11=O$4,"—",IF((SUMPRODUCT(('Match Log'!$D$4:$D$1510=$A11)*('Match Log'!$E$4:$E$1510="Win")*COUNTIFS('Match Log'!$A$4:$A$1510,'Match Log'!$A$4:$A$1510,'Match Log'!$D$4:$D$1510,O$4,'Match Log'!$E$4:$E$1510,"Loss"))+SUMPRODUCT(('Match Log'!$D$4:$D$1510=O$4)*('Match Log'!$E$4:$E$1510="Win")*COUNTIFS('Match Log'!$A$4:$A$1510,'Match Log'!$A$4:$A$1510,'Match Log'!$D$4:$D$1510,$A11,'Match Log'!$E$4:$E$1510,"Loss")))=0,"",TEXT(SUMPRODUCT(('Match Log'!$D$4:$D$1510=$A11)*('Match Log'!$E$4:$E$1510="Win")*COUNTIFS('Match Log'!$A$4:$A$1510,'Match Log'!$A$4:$A$1510,'Match Log'!$D$4:$D$1510,O$4,'Match Log'!$E$4:$E$1510,"Loss"))/(SUMPRODUCT(('Match Log'!$D$4:$D$1510=$A11)*('Match Log'!$E$4:$E$1510="Win")*COUNTIFS('Match Log'!$A$4:$A$1510,'Match Log'!$A$4:$A$1510,'Match Log'!$D$4:$D$1510,O$4,'Match Log'!$E$4:$E$1510,"Loss"))+SUMPRODUCT(('Match Log'!$D$4:$D$1510=O$4)*('Match Log'!$E$4:$E$1510="Win")*COUNTIFS('Match Log'!$A$4:$A$1510,'Match Log'!$A$4:$A$1510,'Match Log'!$D$4:$D$1510,$A11,'Match Log'!$E$4:$E$1510,"Loss"))),"0%")&" of "&(SUMPRODUCT(('Match Log'!$D$4:$D$1510=$A11)*('Match Log'!$E$4:$E$1510="Win")*COUNTIFS('Match Log'!$A$4:$A$1510,'Match Log'!$A$4:$A$1510,'Match Log'!$D$4:$D$1510,O$4,'Match Log'!$E$4:$E$1510,"Loss"))+SUMPRODUCT(('Match Log'!$D$4:$D$1510=O$4)*('Match Log'!$E$4:$E$1510="Win")*COUNTIFS('Match Log'!$A$4:$A$1510,'Match Log'!$A$4:$A$1510,'Match Log'!$D$4:$D$1510,$A11,'Match Log'!$E$4:$E$1510,"Loss")))))
A12: Daniel (Ferret) | B12: =IF($A12=B$4,"—",IF((SUMPRODUCT(('Match Log'!$D$4:$D$1510=$A12)*('Match Log'!$E$4:$E$1510="Win")*COUNTIFS('Match Log'!$A$4:$A$1510,'Match Log'!$A$4:$A$1510,'Match Log'!$D$4:$D$1510,B$4,'Match Log'!$E$4:$E$1510,"Loss"))+SUMPRODUCT(('Match Log'!$D$4:$D$1510=B$4)*('Match Log'!$E$4:$E$1510="Win")*COUNTIFS('Match Log'!$A$4:$A$1510,'Match Log'!$A$4:$A$1510,'Match Log'!$D$4:$D$1510,$A12,'Match Log'!$E$4:$E$1510,"Loss")))=0,"",TEXT(SUMPRODUCT(('Match Log'!$D$4:$D$1510=$A12)*('Match Log'!$E$4:$E$1510="Win")*COUNTIFS('Match Log'!$A$4:$A$1510,'Match Log'!$A$4:$A$1510,'Match Log'!$D$4:$D$1510,B$4,'Match Log'!$E$4:$E$1510,"Loss"))/(SUMPRODUCT(('Match Log'!$D$4:$D$1510=$A12)*('Match Log'!$E$4:$E$1510="Win")*COUNTIFS('Match Log'!$A$4:$A$1510,'Match Log'!$A$4:$A$1510,'Match Log'!$D$4:$D$1510,B$4,'Match Log'!$E$4:$E$1510,"Loss"))+SUMPRODUCT(('Match Log'!$D$4:$D$1510=B$4)*('Match Log'!$E$4:$E$1510="Win")*COUNTIFS('Match Log'!$A$4:$A$1510,'Match Log'!$A$4:$A$1510,'Match Log'!$D$4:$D$1510,$A12,'Match Log'!$E$4:$E$1510,"Loss"))),"0%")&" of "&(SUMPRODUCT(('Match Log'!$D$4:$D$1510=$A12)*('Match Log'!$E$4:$E$1510="Win")*COUNTIFS('Match Log'!$A$4:$A$1510,'Match Log'!$A$4:$A$1510,'Match Log'!$D$4:$D$1510,B$4,'Match Log'!$E$4:$E$1510,"Loss"))+SUMPRODUCT(('Match Log'!$D$4:$D$1510=B$4)*('Match Log'!$E$4:$E$1510="Win")*COUNTIFS('Match Log'!$A$4:$A$1510,'Match Log'!$A$4:$A$1510,'Match Log'!$D$4:$D$1510,$A12,'Match Log'!$E$4:$E$1510,"Loss"))))) -> 47% of 30 | C12: =IF($A12=C$4,"—",IF((SUMPRODUCT(('Match Log'!$D$4:$D$1510=$A12)*('Match Log'!$E$4:$E$1510="Win")*COUNTIFS('Match Log'!$A$4:$A$1510,'Match Log'!$A$4:$A$1510,'Match Log'!$D$4:$D$1510,C$4,'Match Log'!$E$4:$E$1510,"Loss"))+SUMPRODUCT(('Match Log'!$D$4:$D$1510=C$4)*('Match Log'!$E$4:$E$1510="Win")*COUNTIFS('Match Log'!$A$4:$A$1510,'Match Log'!$A$4:$A$1510,'Match Log'!$D$4:$D$1510,$A12,'Match Log'!$E$4:$E$1510,"Loss")))=0,"",TEXT(SUMPRODUCT(('Match Log'!$D$4:$D$1510=$A12)*('Match Log'!$E$4:$E$1510="Win")*COUNTIFS('Match Log'!$A$4:$A$1510,'Match Log'!$A$4:$A$1510,'Match Log'!$D$4:$D$1510,C$4,'Match Log'!$E$4:$E$1510,"Loss"))/(SUMPRODUCT(('Match Log'!$D$4:$D$1510=$A12)*('Match Log'!$E$4:$E$1510="Win")*COUNTIFS('Match Log'!$A$4:$A$1510,'Match Log'!$A$4:$A$1510,'Match Log'!$D$4:$D$1510,C$4,'Match Log'!$E$4:$E$1510,"Loss"))+SUMPRODUCT(('Match Log'!$D$4:$D$1510=C$4)*('Match Log'!$E$4:$E$1510="Win")*COUNTIFS('Match Log'!$A$4:$A$1510,'Match Log'!$A$4:$A$1510,'Match Log'!$D$4:$D$1510,$A12,'Match Log'!$E$4:$E$1510,"Loss"))),"0%")&" of "&(SUMPRODUCT(('Match Log'!$D$4:$D$1510=$A12)*('Match Log'!$E$4:$E$1510="Win")*COUNTIFS('Match Log'!$A$4:$A$1510,'Match Log'!$A$4:$A$1510,'Match Log'!$D$4:$D$1510,C$4,'Match Log'!$E$4:$E$1510,"Loss"))+SUMPRODUCT(('Match Log'!$D$4:$D$1510=C$4)*('Match Log'!$E$4:$E$1510="Win")*COUNTIFS('Match Log'!$A$4:$A$1510,'Match Log'!$A$4:$A$1510,'Match Log'!$D$4:$D$1510,$A12,'Match Log'!$E$4:$E$1510,"Loss"))))) -> 0% of 2 | D12: =IF($A12=D$4,"—",IF((SUMPRODUCT(('Match Log'!$D$4:$D$1510=$A12)*('Match Log'!$E$4:$E$1510="Win")*COUNTIFS('Match Log'!$A$4:$A$1510,'Match Log'!$A$4:$A$1510,'Match Log'!$D$4:$D$1510,D$4,'Match Log'!$E$4:$E$1510,"Loss"))+SUMPRODUCT(('Match Log'!$D$4:$D$1510=D$4)*('Match Log'!$E$4:$E$1510="Win")*COUNTIFS('Match Log'!$A$4:$A$1510,'Match Log'!$A$4:$A$1510,'Match Log'!$D$4:$D$1510,$A12,'Match Log'!$E$4:$E$1510,"Loss")))=0,"",TEXT(SUMPRODUCT(('Match Log'!$D$4:$D$1510=$A12)*('Match Log'!$E$4:$E$1510="Win")*COUNTIFS('Match Log'!$A$4:$A$1510,'Match Log'!$A$4:$A$1510,'Match Log'!$D$4:$D$1510,D$4,'Match Log'!$E$4:$E$1510,"Loss"))/(SUMPRODUCT(('Match Log'!$D$4:$D$1510=$A12)*('Match Log'!$E$4:$E$1510="Win")*COUNTIFS('Match Log'!$A$4:$A$1510,'Match Log'!$A$4:$A$1510,'Match Log'!$D$4:$D$1510,D$4,'Match Log'!$E$4:$E$1510,"Loss"))+SUMPRODUCT(('Match Log'!$D$4:$D$1510=D$4)*('Match Log'!$E$4:$E$1510="Win")*COUNTIFS('Match Log'!$A$4:$A$1510,'Match Log'!$A$4:$A$1510,'Match Log'!$D$4:$D$1510,$A12,'Match Log'!$E$4:$E$1510,"Loss"))),"0%")&" of "&(SUMPRODUCT(('Match Log'!$D$4:$D$1510=$A12)*('Match Log'!$E$4:$E$1510="Win")*COUNTIFS('Match Log'!$A$4:$A$1510,'Match Log'!$A$4:$A$1510,'Match Log'!$D$4:$D$1510,D$4,'Match Log'!$E$4:$E$1510,"Loss"))+SUMPRODUCT(('Match Log'!$D$4:$D$1510=D$4)*('Match Log'!$E$4:$E$1510="Win")*COUNTIFS('Match Log'!$A$4:$A$1510,'Match Log'!$A$4:$A$1510,'Match Log'!$D$4:$D$1510,$A12,'Match Log'!$E$4:$E$1510,"Loss"))))) -> 14% of 7 | E12: =IF($A12=E$4,"—",IF((SUMPRODUCT(('Match Log'!$D$4:$D$1510=$A12)*('Match Log'!$E$4:$E$1510="Win")*COUNTIFS('Match Log'!$A$4:$A$1510,'Match Log'!$A$4:$A$1510,'Match Log'!$D$4:$D$1510,E$4,'Match Log'!$E$4:$E$1510,"Loss"))+SUMPRODUCT(('Match Log'!$D$4:$D$1510=E$4)*('Match Log'!$E$4:$E$1510="Win")*COUNTIFS('Match Log'!$A$4:$A$1510,'Match Log'!$A$4:$A$1510,'Match Log'!$D$4:$D$1510,$A12,'Match Log'!$E$4:$E$1510,"Loss")))=0,"",TEXT(SUMPRODUCT(('Match Log'!$D$4:$D$1510=$A12)*('Match Log'!$E$4:$E$1510="Win")*COUNTIFS('Match Log'!$A$4:$A$1510,'Match Log'!$A$4:$A$1510,'Match Log'!$D$4:$D$1510,E$4,'Match Log'!$E$4:$E$1510,"Loss"))/(SUMPRODUCT(('Match Log'!$D$4:$D$1510=$A12)*('Match Log'!$E$4:$E$1510="Win")*COUNTIFS('Match Log'!$A$4:$A$1510,'Match Log'!$A$4:$A$1510,'Match Log'!$D$4:$D$1510,E$4,'Match Log'!$E$4:$E$1510,"Loss"))+SUMPRODUCT(('Match Log'!$D$4:$D$1510=E$4)*('Match Log'!$E$4:$E$1510="Win")*COUNTIFS('Match Log'!$A$4:$A$1510,'Match Log'!$A$4:$A$1510,'Match Log'!$D$4:$D$1510,$A12,'Match Log'!$E$4:$E$1510,"Loss"))),"0%")&" of "&(SUMPRODUCT(('Match Log'!$D$4:$D$1510=$A12)*('Match Log'!$E$4:$E$1510="Win")*COUNTIFS('Match Log'!$A$4:$A$1510,'Match Log'!$A$4:$A$1510,'Match Log'!$D$4:$D$1510,E$4,'Match Log'!$E$4:$E$1510,"Loss"))+SUMPRODUCT(('Match Log'!$D$4:$D$1510=E$4)*('Match Log'!$E$4:$E$1510="Win")*COUNTIFS('Match Log'!$A$4:$A$1510,'Match Log'!$A$4:$A$1510,'Match Log'!$D$4:$D$1510,$A12,'Match Log'!$E$4:$E$1510,"Loss"))))) -> 100% of 4 | F12: =IF($A12=F$4,"—",IF((SUMPRODUCT(('Match Log'!$D$4:$D$1510=$A12)*('Match Log'!$E$4:$E$1510="Win")*COUNTIFS('Match Log'!$A$4:$A$1510,'Match Log'!$A$4:$A$1510,'Match Log'!$D$4:$D$1510,F$4,'Match Log'!$E$4:$E$1510,"Loss"))+SUMPRODUCT(('Match Log'!$D$4:$D$1510=F$4)*('Match Log'!$E$4:$E$1510="Win")*COUNTIFS('Match Log'!$A$4:$A$1510,'Match Log'!$A$4:$A$1510,'Match Log'!$D$4:$D$1510,$A12,'Match Log'!$E$4:$E$1510,"Loss")))=0,"",TEXT(SUMPRODUCT(('Match Log'!$D$4:$D$1510=$A12)*('Match Log'!$E$4:$E$1510="Win")*COUNTIFS('Match Log'!$A$4:$A$1510,'Match Log'!$A$4:$A$1510,'Match Log'!$D$4:$D$1510,F$4,'Match Log'!$E$4:$E$1510,"Loss"))/(SUMPRODUCT(('Match Log'!$D$4:$D$1510=$A12)*('Match Log'!$E$4:$E$1510="Win")*COUNTIFS('Match Log'!$A$4:$A$1510,'Match Log'!$A$4:$A$1510,'Match Log'!$D$4:$D$1510,F$4,'Match Log'!$E$4:$E$1510,"Loss"))+SUMPRODUCT(('Match Log'!$D$4:$D$1510=F$4)*('Match Log'!$E$4:$E$1510="Win")*COUNTIFS('Match Log'!$A$4:$A$1510,'Match Log'!$A$4:$A$1510,'Match Log'!$D$4:$D$1510,$A12,'Match Log'!$E$4:$E$1510,"Loss"))),"0%")&" of "&(SUMPRODUCT(('Match Log'!$D$4:$D$1510=$A12)*('Match Log'!$E$4:$E$1510="Win")*COUNTIFS('Match Log'!$A$4:$A$1510,'Match Log'!$A$4:$A$1510,'Match Log'!$D$4:$D$1510,F$4,'Match Log'!$E$4:$E$1510,"Loss"))+SUMPRODUCT(('Match Log'!$D$4:$D$1510=F$4)*('Match Log'!$E$4:$E$1510="Win")*COUNTIFS('Match Log'!$A$4:$A$1510,'Match Log'!$A$4:$A$1510,'Match Log'!$D$4:$D$1510,$A12,'Match Log'!$E$4:$E$1510,"Loss"))))) -> 36% of 33 | G12: =IF($A12=G$4,"—",IF((SUMPRODUCT(('Match Log'!$D$4:$D$1510=$A12)*('Match Log'!$E$4:$E$1510="Win")*COUNTIFS('Match Log'!$A$4:$A$1510,'Match Log'!$A$4:$A$1510,'Match Log'!$D$4:$D$1510,G$4,'Match Log'!$E$4:$E$1510,"Loss"))+SUMPRODUCT(('Match Log'!$D$4:$D$1510=G$4)*('Match Log'!$E$4:$E$1510="Win")*COUNTIFS('Match Log'!$A$4:$A$1510,'Match Log'!$A$4:$A$1510,'Match Log'!$D$4:$D$1510,$A12,'Match Log'!$E$4:$E$1510,"Loss")))=0,"",TEXT(SUMPRODUCT(('Match Log'!$D$4:$D$1510=$A12)*('Match Log'!$E$4:$E$1510="Win")*COUNTIFS('Match Log'!$A$4:$A$1510,'Match Log'!$A$4:$A$1510,'Match Log'!$D$4:$D$1510,G$4,'Match Log'!$E$4:$E$1510,"Loss"))/(SUMPRODUCT(('Match Log'!$D$4:$D$1510=$A12)*('Match Log'!$E$4:$E$1510="Win")*COUNTIFS('Match Log'!$A$4:$A$1510,'Match Log'!$A$4:$A$1510,'Match Log'!$D$4:$D$1510,G$4,'Match Log'!$E$4:$E$1510,"Loss"))+SUMPRODUCT(('Match Log'!$D$4:$D$1510=G$4)*('Match Log'!$E$4:$E$1510="Win")*COUNTIFS('Match Log'!$A$4:$A$1510,'Match Log'!$A$4:$A$1510,'Match Log'!$D$4:$D$1510,$A12,'Match Log'!$E$4:$E$1510,"Loss"))),"0%")&" of "&(SUMPRODUCT(('Match Log'!$D$4:$D$1510=$A12)*('Match Log'!$E$4:$E$1510="Win")*COUNTIFS('Match Log'!$A$4:$A$1510,'Match Log'!$A$4:$A$1510,'Match Log'!$D$4:$D$1510,G$4,'Match Log'!$E$4:$E$1510,"Loss"))+SUMPRODUCT(('Match Log'!$D$4:$D$1510=G$4)*('Match Log'!$E$4:$E$1510="Win")*COUNTIFS('Match Log'!$A$4:$A$1510,'Match Log'!$A$4:$A$1510,'Match Log'!$D$4:$D$1510,$A12,'Match Log'!$E$4:$E$1510,"Loss"))))) -> 47% of 68 | H12: =IF($A12=H$4,"—",IF((SUMPRODUCT(('Match Log'!$D$4:$D$1510=$A12)*('Match Log'!$E$4:$E$1510="Win")*COUNTIFS('Match Log'!$A$4:$A$1510,'Match Log'!$A$4:$A$1510,'Match Log'!$D$4:$D$1510,H$4,'Match Log'!$E$4:$E$1510,"Loss"))+SUMPRODUCT(('Match Log'!$D$4:$D$1510=H$4)*('Match Log'!$E$4:$E$1510="Win")*COUNTIFS('Match Log'!$A$4:$A$1510,'Match Log'!$A$4:$A$1510,'Match Log'!$D$4:$D$1510,$A12,'Match Log'!$E$4:$E$1510,"Loss")))=0,"",TEXT(SUMPRODUCT(('Match Log'!$D$4:$D$1510=$A12)*('Match Log'!$E$4:$E$1510="Win")*COUNTIFS('Match Log'!$A$4:$A$1510,'Match Log'!$A$4:$A$1510,'Match Log'!$D$4:$D$1510,H$4,'Match Log'!$E$4:$E$1510,"Loss"))/(SUMPRODUCT(('Match Log'!$D$4:$D$1510=$A12)*('Match Log'!$E$4:$E$1510="Win")*COUNTIFS('Match Log'!$A$4:$A$1510,'Match Log'!$A$4:$A$1510,'Match Log'!$D$4:$D$1510,H$4,'Match Log'!$E$4:$E$1510,"Loss"))+SUMPRODUCT(('Match Log'!$D$4:$D$1510=H$4)*('Match Log'!$E$4:$E$1510="Win")*COUNTIFS('Match Log'!$A$4:$A$1510,'Match Log'!$A$4:$A$1510,'Match Log'!$D$4:$D$1510,$A12,'Match Log'!$E$4:$E$1510,"Loss"))),"0%")&" of "&(SUMPRODUCT(('Match Log'!$D$4:$D$1510=$A12)*('Match Log'!$E$4:$E$1510="Win")*COUNTIFS('Match Log'!$A$4:$A$1510,'Match Log'!$A$4:$A$1510,'Match Log'!$D$4:$D$1510,H$4,'Match Log'!$E$4:$E$1510,"Loss"))+SUMPRODUCT(('Match Log'!$D$4:$D$1510=H$4)*('Match Log'!$E$4:$E$1510="Win")*COUNTIFS('Match Log'!$A$4:$A$1510,'Match Log'!$A$4:$A$1510,'Match Log'!$D$4:$D$1510,$A12,'Match Log'!$E$4:$E$1510,"Loss"))))) -> 100% of 1 | I12: =IF($A12=I$4,"—",IF((SUMPRODUCT(('Match Log'!$D$4:$D$1510=$A12)*('Match Log'!$E$4:$E$1510="Win")*COUNTIFS('Match Log'!$A$4:$A$1510,'Match Log'!$A$4:$A$1510,'Match Log'!$D$4:$D$1510,I$4,'Match Log'!$E$4:$E$1510,"Loss"))+SUMPRODUCT(('Match Log'!$D$4:$D$1510=I$4)*('Match Log'!$E$4:$E$1510="Win")*COUNTIFS('Match Log'!$A$4:$A$1510,'Match Log'!$A$4:$A$1510,'Match Log'!$D$4:$D$1510,$A12,'Match Log'!$E$4:$E$1510,"Loss")))=0,"",TEXT(SUMPRODUCT(('Match Log'!$D$4:$D$1510=$A12)*('Match Log'!$E$4:$E$1510="Win")*COUNTIFS('Match Log'!$A$4:$A$1510,'Match Log'!$A$4:$A$1510,'Match Log'!$D$4:$D$1510,I$4,'Match Log'!$E$4:$E$1510,"Loss"))/(SUMPRODUCT(('Match Log'!$D$4:$D$1510=$A12)*('Match Log'!$E$4:$E$1510="Win")*COUNTIFS('Match Log'!$A$4:$A$1510,'Match Log'!$A$4:$A$1510,'Match Log'!$D$4:$D$1510,I$4,'Match Log'!$E$4:$E$1510,"Loss"))+SUMPRODUCT(('Match Log'!$D$4:$D$1510=I$4)*('Match Log'!$E$4:$E$1510="Win")*COUNTIFS('Match Log'!$A$4:$A$1510,'Match Log'!$A$4:$A$1510,'Match Log'!$D$4:$D$1510,$A12,'Match Log'!$E$4:$E$1510,"Loss"))),"0%")&" of "&(SUMPRODUCT(('Match Log'!$D$4:$D$1510=$A12)*('Match Log'!$E$4:$E$1510="Win")*COUNTIFS('Match Log'!$A$4:$A$1510,'Match Log'!$A$4:$A$1510,'Match Log'!$D$4:$D$1510,I$4,'Match Log'!$E$4:$E$1510,"Loss"))+SUMPRODUCT(('Match Log'!$D$4:$D$1510=I$4)*('Match Log'!$E$4:$E$1510="Win")*COUNTIFS('Match Log'!$A$4:$A$1510,'Match Log'!$A$4:$A$1510,'Match Log'!$D$4:$D$1510,$A12,'Match Log'!$E$4:$E$1510,"Loss"))))) -> — | ... O12: =IF($A12=O$4,"—",IF((SUMPRODUCT(('Match Log'!$D$4:$D$1510=$A12)*('Match Log'!$E$4:$E$1510="Win")*COUNTIFS('Match Log'!$A$4:$A$1510,'Match Log'!$A$4:$A$1510,'Match Log'!$D$4:$D$1510,O$4,'Match Log'!$E$4:$E$1510,"Loss"))+SUMPRODUCT(('Match Log'!$D$4:$D$1510=O$4)*('Match Log'!$E$4:$E$1510="Win")*COUNTIFS('Match Log'!$A$4:$A$1510,'Match Log'!$A$4:$A$1510,'Match Log'!$D$4:$D$1510,$A12,'Match Log'!$E$4:$E$1510,"Loss")))=0,"",TEXT(SUMPRODUCT(('Match Log'!$D$4:$D$1510=$A12)*('Match Log'!$E$4:$E$1510="Win")*COUNTIFS('Match Log'!$A$4:$A$1510,'Match Log'!$A$4:$A$1510,'Match Log'!$D$4:$D$1510,O$4,'Match Log'!$E$4:$E$1510,"Loss"))/(SUMPRODUCT(('Match Log'!$D$4:$D$1510=$A12)*('Match Log'!$E$4:$E$1510="Win")*COUNTIFS('Match Log'!$A$4:$A$1510,'Match Log'!$A$4:$A$1510,'Match Log'!$D$4:$D$1510,O$4,'Match Log'!$E$4:$E$1510,"Loss"))+SUMPRODUCT(('Match Log'!$D$4:$D$1510=O$4)*('Match Log'!$E$4:$E$1510="Win")*COUNTIFS('Match Log'!$A$4:$A$1510,'Match Log'!$A$4:$A$1510,'Match Log'!$D$4:$D$1510,$A12,'Match Log'!$E$4:$E$1510,"Loss"))),"0%")&" of "&(SUMPRODUCT(('Match Log'!$D$4:$D$1510=$A12)*('Match Log'!$E$4:$E$1510="Win")*COUNTIFS('Match Log'!$A$4:$A$1510,'Match Log'!$A$4:$A$1510,'Match Log'!$D$4:$D$1510,O$4,'Match Log'!$E$4:$E$1510,"Loss"))+SUMPRODUCT(('Match Log'!$D$4:$D$1510=O$4)*('Match Log'!$E$4:$E$1510="Win")*COUNTIFS('Match Log'!$A$4:$A$1510,'Match Log'!$A$4:$A$1510,'Match Log'!$D$4:$D$1510,$A12,'Match Log'!$E$4:$E$1510,"Loss")))))
A13: Dean B | B13: =IF($A13=B$4,"—",IF((SUMPRODUCT(('Match Log'!$D$4:$D$1510=$A13)*('Match Log'!$E$4:$E$1510="Win")*COUNTIFS('Match Log'!$A$4:$A$1510,'Match Log'!$A$4:$A$1510,'Match Log'!$D$4:$D$1510,B$4,'Match Log'!$E$4:$E$1510,"Loss"))+SUMPRODUCT(('Match Log'!$D$4:$D$1510=B$4)*('Match Log'!$E$4:$E$1510="Win")*COUNTIFS('Match Log'!$A$4:$A$1510,'Match Log'!$A$4:$A$1510,'Match Log'!$D$4:$D$1510,$A13,'Match Log'!$E$4:$E$1510,"Loss")))=0,"",TEXT(SUMPRODUCT(('Match Log'!$D$4:$D$1510=$A13)*('Match Log'!$E$4:$E$1510="Win")*COUNTIFS('Match Log'!$A$4:$A$1510,'Match Log'!$A$4:$A$1510,'Match Log'!$D$4:$D$1510,B$4,'Match Log'!$E$4:$E$1510,"Loss"))/(SUMPRODUCT(('Match Log'!$D$4:$D$1510=$A13)*('Match Log'!$E$4:$E$1510="Win")*COUNTIFS('Match Log'!$A$4:$A$1510,'Match Log'!$A$4:$A$1510,'Match Log'!$D$4:$D$1510,B$4,'Match Log'!$E$4:$E$1510,"Loss"))+SUMPRODUCT(('Match Log'!$D$4:$D$1510=B$4)*('Match Log'!$E$4:$E$1510="Win")*COUNTIFS('Match Log'!$A$4:$A$1510,'Match Log'!$A$4:$A$1510,'Match Log'!$D$4:$D$1510,$A13,'Match Log'!$E$4:$E$1510,"Loss"))),"0%")&" of "&(SUMPRODUCT(('Match Log'!$D$4:$D$1510=$A13)*('Match Log'!$E$4:$E$1510="Win")*COUNTIFS('Match Log'!$A$4:$A$1510,'Match Log'!$A$4:$A$1510,'Match Log'!$D$4:$D$1510,B$4,'Match Log'!$E$4:$E$1510,"Loss"))+SUMPRODUCT(('Match Log'!$D$4:$D$1510=B$4)*('Match Log'!$E$4:$E$1510="Win")*COUNTIFS('Match Log'!$A$4:$A$1510,'Match Log'!$A$4:$A$1510,'Match Log'!$D$4:$D$1510,$A13,'Match Log'!$E$4:$E$1510,"Loss"))))) -> 25% of 4 | C13: =IF($A13=C$4,"—",IF((SUMPRODUCT(('Match Log'!$D$4:$D$1510=$A13)*('Match Log'!$E$4:$E$1510="Win")*COUNTIFS('Match Log'!$A$4:$A$1510,'Match Log'!$A$4:$A$1510,'Match Log'!$D$4:$D$1510,C$4,'Match Log'!$E$4:$E$1510,"Loss"))+SUMPRODUCT(('Match Log'!$D$4:$D$1510=C$4)*('Match Log'!$E$4:$E$1510="Win")*COUNTIFS('Match Log'!$A$4:$A$1510,'Match Log'!$A$4:$A$1510,'Match Log'!$D$4:$D$1510,$A13,'Match Log'!$E$4:$E$1510,"Loss")))=0,"",TEXT(SUMPRODUCT(('Match Log'!$D$4:$D$1510=$A13)*('Match Log'!$E$4:$E$1510="Win")*COUNTIFS('Match Log'!$A$4:$A$1510,'Match Log'!$A$4:$A$1510,'Match Log'!$D$4:$D$1510,C$4,'Match Log'!$E$4:$E$1510,"Loss"))/(SUMPRODUCT(('Match Log'!$D$4:$D$1510=$A13)*('Match Log'!$E$4:$E$1510="Win")*COUNTIFS('Match Log'!$A$4:$A$1510,'Match Log'!$A$4:$A$1510,'Match Log'!$D$4:$D$1510,C$4,'Match Log'!$E$4:$E$1510,"Loss"))+SUMPRODUCT(('Match Log'!$D$4:$D$1510=C$4)*('Match Log'!$E$4:$E$1510="Win")*COUNTIFS('Match Log'!$A$4:$A$1510,'Match Log'!$A$4:$A$1510,'Match Log'!$D$4:$D$1510,$A13,'Match Log'!$E$4:$E$1510,"Loss"))),"0%")&" of "&(SUMPRODUCT(('Match Log'!$D$4:$D$1510=$A13)*('Match Log'!$E$4:$E$1510="Win")*COUNTIFS('Match Log'!$A$4:$A$1510,'Match Log'!$A$4:$A$1510,'Match Log'!$D$4:$D$1510,C$4,'Match Log'!$E$4:$E$1510,"Loss"))+SUMPRODUCT(('Match Log'!$D$4:$D$1510=C$4)*('Match Log'!$E$4:$E$1510="Win")*COUNTIFS('Match Log'!$A$4:$A$1510,'Match Log'!$A$4:$A$1510,'Match Log'!$D$4:$D$1510,$A13,'Match Log'!$E$4:$E$1510,"Loss"))))) -> 0% of 2 | D13: =IF($A13=D$4,"—",IF((SUMPRODUCT(('Match Log'!$D$4:$D$1510=$A13)*('Match Log'!$E$4:$E$1510="Win")*COUNTIFS('Match Log'!$A$4:$A$1510,'Match Log'!$A$4:$A$1510,'Match Log'!$D$4:$D$1510,D$4,'Match Log'!$E$4:$E$1510,"Loss"))+SUMPRODUCT(('Match Log'!$D$4:$D$1510=D$4)*('Match Log'!$E$4:$E$1510="Win")*COUNTIFS('Match Log'!$A$4:$A$1510,'Match Log'!$A$4:$A$1510,'Match Log'!$D$4:$D$1510,$A13,'Match Log'!$E$4:$E$1510,"Loss")))=0,"",TEXT(SUMPRODUCT(('Match Log'!$D$4:$D$1510=$A13)*('Match Log'!$E$4:$E$1510="Win")*COUNTIFS('Match Log'!$A$4:$A$1510,'Match Log'!$A$4:$A$1510,'Match Log'!$D$4:$D$1510,D$4,'Match Log'!$E$4:$E$1510,"Loss"))/(SUMPRODUCT(('Match Log'!$D$4:$D$1510=$A13)*('Match Log'!$E$4:$E$1510="Win")*COUNTIFS('Match Log'!$A$4:$A$1510,'Match Log'!$A$4:$A$1510,'Match Log'!$D$4:$D$1510,D$4,'Match Log'!$E$4:$E$1510,"Loss"))+SUMPRODUCT(('Match Log'!$D$4:$D$1510=D$4)*('Match Log'!$E$4:$E$1510="Win")*COUNTIFS('Match Log'!$A$4:$A$1510,'Match Log'!$A$4:$A$1510,'Match Log'!$D$4:$D$1510,$A13,'Match Log'!$E$4:$E$1510,"Loss"))),"0%")&" of "&(SUMPRODUCT(('Match Log'!$D$4:$D$1510=$A13)*('Match Log'!$E$4:$E$1510="Win")*COUNTIFS('Match Log'!$A$4:$A$1510,'Match Log'!$A$4:$A$1510,'Match Log'!$D$4:$D$1510,D$4,'Match Log'!$E$4:$E$1510,"Loss"))+SUMPRODUCT(('Match Log'!$D$4:$D$1510=D$4)*('Match Log'!$E$4:$E$1510="Win")*COUNTIFS('Match Log'!$A$4:$A$1510,'Match Log'!$A$4:$A$1510,'Match Log'!$D$4:$D$1510,$A13,'Match Log'!$E$4:$E$1510,"Loss"))))) | E13: =IF($A13=E$4,"—",IF((SUMPRODUCT(('Match Log'!$D$4:$D$1510=$A13)*('Match Log'!$E$4:$E$1510="Win")*COUNTIFS('Match Log'!$A$4:$A$1510,'Match Log'!$A$4:$A$1510,'Match Log'!$D$4:$D$1510,E$4,'Match Log'!$E$4:$E$1510,"Loss"))+SUMPRODUCT(('Match Log'!$D$4:$D$1510=E$4)*('Match Log'!$E$4:$E$1510="Win")*COUNTIFS('Match Log'!$A$4:$A$1510,'Match Log'!$A$4:$A$1510,'Match Log'!$D$4:$D$1510,$A13,'Match Log'!$E$4:$E$1510,"Loss")))=0,"",TEXT(SUMPRODUCT(('Match Log'!$D$4:$D$1510=$A13)*('Match Log'!$E$4:$E$1510="Win")*COUNTIFS('Match Log'!$A$4:$A$1510,'Match Log'!$A$4:$A$1510,'Match Log'!$D$4:$D$1510,E$4,'Match Log'!$E$4:$E$1510,"Loss"))/(SUMPRODUCT(('Match Log'!$D$4:$D$1510=$A13)*('Match Log'!$E$4:$E$1510="Win")*COUNTIFS('Match Log'!$A$4:$A$1510,'Match Log'!$A$4:$A$1510,'Match Log'!$D$4:$D$1510,E$4,'Match Log'!$E$4:$E$1510,"Loss"))+SUMPRODUCT(('Match Log'!$D$4:$D$1510=E$4)*('Match Log'!$E$4:$E$1510="Win")*COUNTIFS('Match Log'!$A$4:$A$1510,'Match Log'!$A$4:$A$1510,'Match Log'!$D$4:$D$1510,$A13,'Match Log'!$E$4:$E$1510,"Loss"))),"0%")&" of "&(SUMPRODUCT(('Match Log'!$D$4:$D$1510=$A13)*('Match Log'!$E$4:$E$1510="Win")*COUNTIFS('Match Log'!$A$4:$A$1510,'Match Log'!$A$4:$A$1510,'Match Log'!$D$4:$D$1510,E$4,'Match Log'!$E$4:$E$1510,"Loss"))+SUMPRODUCT(('Match Log'!$D$4:$D$1510=E$4)*('Match Log'!$E$4:$E$1510="Win")*COUNTIFS('Match Log'!$A$4:$A$1510,'Match Log'!$A$4:$A$1510,'Match Log'!$D$4:$D$1510,$A13,'Match Log'!$E$4:$E$1510,"Loss"))))) -> 86% of 7 | F13: =IF($A13=F$4,"—",IF((SUMPRODUCT(('Match Log'!$D$4:$D$1510=$A13)*('Match Log'!$E$4:$E$1510="Win")*COUNTIFS('Match Log'!$A$4:$A$1510,'Match Log'!$A$4:$A$1510,'Match Log'!$D$4:$D$1510,F$4,'Match Log'!$E$4:$E$1510,"Loss"))+SUMPRODUCT(('Match Log'!$D$4:$D$1510=F$4)*('Match Log'!$E$4:$E$1510="Win")*COUNTIFS('Match Log'!$A$4:$A$1510,'Match Log'!$A$4:$A$1510,'Match Log'!$D$4:$D$1510,$A13,'Match Log'!$E$4:$E$1510,"Loss")))=0,"",TEXT(SUMPRODUCT(('Match Log'!$D$4:$D$1510=$A13)*('Match Log'!$E$4:$E$1510="Win")*COUNTIFS('Match Log'!$A$4:$A$1510,'Match Log'!$A$4:$A$1510,'Match Log'!$D$4:$D$1510,F$4,'Match Log'!$E$4:$E$1510,"Loss"))/(SUMPRODUCT(('Match Log'!$D$4:$D$1510=$A13)*('Match Log'!$E$4:$E$1510="Win")*COUNTIFS('Match Log'!$A$4:$A$1510,'Match Log'!$A$4:$A$1510,'Match Log'!$D$4:$D$1510,F$4,'Match Log'!$E$4:$E$1510,"Loss"))+SUMPRODUCT(('Match Log'!$D$4:$D$1510=F$4)*('Match Log'!$E$4:$E$1510="Win")*COUNTIFS('Match Log'!$A$4:$A$1510,'Match Log'!$A$4:$A$1510,'Match Log'!$D$4:$D$1510,$A13,'Match Log'!$E$4:$E$1510,"Loss"))),"0%")&" of "&(SUMPRODUCT(('Match Log'!$D$4:$D$1510=$A13)*('Match Log'!$E$4:$E$1510="Win")*COUNTIFS('Match Log'!$A$4:$A$1510,'Match Log'!$A$4:$A$1510,'Match Log'!$D$4:$D$1510,F$4,'Match Log'!$E$4:$E$1510,"Loss"))+SUMPRODUCT(('Match Log'!$D$4:$D$1510=F$4)*('Match Log'!$E$4:$E$1510="Win")*COUNTIFS('Match Log'!$A$4:$A$1510,'Match Log'!$A$4:$A$1510,'Match Log'!$D$4:$D$1510,$A13,'Match Log'!$E$4:$E$1510,"Loss"))))) -> 71% of 7 | G13: =IF($A13=G$4,"—",IF((SUMPRODUCT(('Match Log'!$D$4:$D$1510=$A13)*('Match Log'!$E$4:$E$1510="Win")*COUNTIFS('Match Log'!$A$4:$A$1510,'Match Log'!$A$4:$A$1510,'Match Log'!$D$4:$D$1510,G$4,'Match Log'!$E$4:$E$1510,"Loss"))+SUMPRODUCT(('Match Log'!$D$4:$D$1510=G$4)*('Match Log'!$E$4:$E$1510="Win")*COUNTIFS('Match Log'!$A$4:$A$1510,'Match Log'!$A$4:$A$1510,'Match Log'!$D$4:$D$1510,$A13,'Match Log'!$E$4:$E$1510,"Loss")))=0,"",TEXT(SUMPRODUCT(('Match Log'!$D$4:$D$1510=$A13)*('Match Log'!$E$4:$E$1510="Win")*COUNTIFS('Match Log'!$A$4:$A$1510,'Match Log'!$A$4:$A$1510,'Match Log'!$D$4:$D$1510,G$4,'Match Log'!$E$4:$E$1510,"Loss"))/(SUMPRODUCT(('Match Log'!$D$4:$D$1510=$A13)*('Match Log'!$E$4:$E$1510="Win")*COUNTIFS('Match Log'!$A$4:$A$1510,'Match Log'!$A$4:$A$1510,'Match Log'!$D$4:$D$1510,G$4,'Match Log'!$E$4:$E$1510,"Loss"))+SUMPRODUCT(('Match Log'!$D$4:$D$1510=G$4)*('Match Log'!$E$4:$E$1510="Win")*COUNTIFS('Match Log'!$A$4:$A$1510,'Match Log'!$A$4:$A$1510,'Match Log'!$D$4:$D$1510,$A13,'Match Log'!$E$4:$E$1510,"Loss"))),"0%")&" of "&(SUMPRODUCT(('Match Log'!$D$4:$D$1510=$A13)*('Match Log'!$E$4:$E$1510="Win")*COUNTIFS('Match Log'!$A$4:$A$1510,'Match Log'!$A$4:$A$1510,'Match Log'!$D$4:$D$1510,G$4,'Match Log'!$E$4:$E$1510,"Loss"))+SUMPRODUCT(('Match Log'!$D$4:$D$1510=G$4)*('Match Log'!$E$4:$E$1510="Win")*COUNTIFS('Match Log'!$A$4:$A$1510,'Match Log'!$A$4:$A$1510,'Match Log'!$D$4:$D$1510,$A13,'Match Log'!$E$4:$E$1510,"Loss"))))) -> 33% of 6 | H13: =IF($A13=H$4,"—",IF((SUMPRODUCT(('Match Log'!$D$4:$D$1510=$A13)*('Match Log'!$E$4:$E$1510="Win")*COUNTIFS('Match Log'!$A$4:$A$1510,'Match Log'!$A$4:$A$1510,'Match Log'!$D$4:$D$1510,H$4,'Match Log'!$E$4:$E$1510,"Loss"))+SUMPRODUCT(('Match Log'!$D$4:$D$1510=H$4)*('Match Log'!$E$4:$E$1510="Win")*COUNTIFS('Match Log'!$A$4:$A$1510,'Match Log'!$A$4:$A$1510,'Match Log'!$D$4:$D$1510,$A13,'Match Log'!$E$4:$E$1510,"Loss")))=0,"",TEXT(SUMPRODUCT(('Match Log'!$D$4:$D$1510=$A13)*('Match Log'!$E$4:$E$1510="Win")*COUNTIFS('Match Log'!$A$4:$A$1510,'Match Log'!$A$4:$A$1510,'Match Log'!$D$4:$D$1510,H$4,'Match Log'!$E$4:$E$1510,"Loss"))/(SUMPRODUCT(('Match Log'!$D$4:$D$1510=$A13)*('Match Log'!$E$4:$E$1510="Win")*COUNTIFS('Match Log'!$A$4:$A$1510,'Match Log'!$A$4:$A$1510,'Match Log'!$D$4:$D$1510,H$4,'Match Log'!$E$4:$E$1510,"Loss"))+SUMPRODUCT(('Match Log'!$D$4:$D$1510=H$4)*('Match Log'!$E$4:$E$1510="Win")*COUNTIFS('Match Log'!$A$4:$A$1510,'Match Log'!$A$4:$A$1510,'Match Log'!$D$4:$D$1510,$A13,'Match Log'!$E$4:$E$1510,"Loss"))),"0%")&" of "&(SUMPRODUCT(('Match Log'!$D$4:$D$1510=$A13)*('Match Log'!$E$4:$E$1510="Win")*COUNTIFS('Match Log'!$A$4:$A$1510,'Match Log'!$A$4:$A$1510,'Match Log'!$D$4:$D$1510,H$4,'Match Log'!$E$4:$E$1510,"Loss"))+SUMPRODUCT(('Match Log'!$D$4:$D$1510=H$4)*('Match Log'!$E$4:$E$1510="Win")*COUNTIFS('Match Log'!$A$4:$A$1510,'Match Log'!$A$4:$A$1510,'Match Log'!$D$4:$D$1510,$A13,'Match Log'!$E$4:$E$1510,"Loss"))))) -> 0% of 2 | I13: =IF($A13=I$4,"—",IF((SUMPRODUCT(('Match Log'!$D$4:$D$1510=$A13)*('Match Log'!$E$4:$E$1510="Win")*COUNTIFS('Match Log'!$A$4:$A$1510,'Match Log'!$A$4:$A$1510,'Match Log'!$D$4:$D$1510,I$4,'Match Log'!$E$4:$E$1510,"Loss"))+SUMPRODUCT(('Match Log'!$D$4:$D$1510=I$4)*('Match Log'!$E$4:$E$1510="Win")*COUNTIFS('Match Log'!$A$4:$A$1510,'Match Log'!$A$4:$A$1510,'Match Log'!$D$4:$D$1510,$A13,'Match Log'!$E$4:$E$1510,"Loss")))=0,"",TEXT(SUMPRODUCT(('Match Log'!$D$4:$D$1510=$A13)*('Match Log'!$E$4:$E$1510="Win")*COUNTIFS('Match Log'!$A$4:$A$1510,'Match Log'!$A$4:$A$1510,'Match Log'!$D$4:$D$1510,I$4,'Match Log'!$E$4:$E$1510,"Loss"))/(SUMPRODUCT(('Match Log'!$D$4:$D$1510=$A13)*('Match Log'!$E$4:$E$1510="Win")*COUNTIFS('Match Log'!$A$4:$A$1510,'Match Log'!$A$4:$A$1510,'Match Log'!$D$4:$D$1510,I$4,'Match Log'!$E$4:$E$1510,"Loss"))+SUMPRODUCT(('Match Log'!$D$4:$D$1510=I$4)*('Match Log'!$E$4:$E$1510="Win")*COUNTIFS('Match Log'!$A$4:$A$1510,'Match Log'!$A$4:$A$1510,'Match Log'!$D$4:$D$1510,$A13,'Match Log'!$E$4:$E$1510,"Loss"))),"0%")&" of "&(SUMPRODUCT(('Match Log'!$D$4:$D$1510=$A13)*('Match Log'!$E$4:$E$1510="Win")*COUNTIFS('Match Log'!$A$4:$A$1510,'Match Log'!$A$4:$A$1510,'Match Log'!$D$4:$D$1510,I$4,'Match Log'!$E$4:$E$1510,"Loss"))+SUMPRODUCT(('Match Log'!$D$4:$D$1510=I$4)*('Match Log'!$E$4:$E$1510="Win")*COUNTIFS('Match Log'!$A$4:$A$1510,'Match Log'!$A$4:$A$1510,'Match Log'!$D$4:$D$1510,$A13,'Match Log'!$E$4:$E$1510,"Loss"))))) -> 67% of 12 | ... O13: =IF($A13=O$4,"—",IF((SUMPRODUCT(('Match Log'!$D$4:$D$1510=$A13)*('Match Log'!$E$4:$E$1510="Win")*COUNTIFS('Match Log'!$A$4:$A$1510,'Match Log'!$A$4:$A$1510,'Match Log'!$D$4:$D$1510,O$4,'Match Log'!$E$4:$E$1510,"Loss"))+SUMPRODUCT(('Match Log'!$D$4:$D$1510=O$4)*('Match Log'!$E$4:$E$1510="Win")*COUNTIFS('Match Log'!$A$4:$A$1510,'Match Log'!$A$4:$A$1510,'Match Log'!$D$4:$D$1510,$A13,'Match Log'!$E$4:$E$1510,"Loss")))=0,"",TEXT(SUMPRODUCT(('Match Log'!$D$4:$D$1510=$A13)*('Match Log'!$E$4:$E$1510="Win")*COUNTIFS('Match Log'!$A$4:$A$1510,'Match Log'!$A$4:$A$1510,'Match Log'!$D$4:$D$1510,O$4,'Match Log'!$E$4:$E$1510,"Loss"))/(SUMPRODUCT(('Match Log'!$D$4:$D$1510=$A13)*('Match Log'!$E$4:$E$1510="Win")*COUNTIFS('Match Log'!$A$4:$A$1510,'Match Log'!$A$4:$A$1510,'Match Log'!$D$4:$D$1510,O$4,'Match Log'!$E$4:$E$1510,"Loss"))+SUMPRODUCT(('Match Log'!$D$4:$D$1510=O$4)*('Match Log'!$E$4:$E$1510="Win")*COUNTIFS('Match Log'!$A$4:$A$1510,'Match Log'!$A$4:$A$1510,'Match Log'!$D$4:$D$1510,$A13,'Match Log'!$E$4:$E$1510,"Loss"))),"0%")&" of "&(SUMPRODUCT(('Match Log'!$D$4:$D$1510=$A13)*('Match Log'!$E$4:$E$1510="Win")*COUNTIFS('Match Log'!$A$4:$A$1510,'Match Log'!$A$4:$A$1510,'Match Log'!$D$4:$D$1510,O$4,'Match Log'!$E$4:$E$1510,"Loss"))+SUMPRODUCT(('Match Log'!$D$4:$D$1510=O$4)*('Match Log'!$E$4:$E$1510="Win")*COUNTIFS('Match Log'!$A$4:$A$1510,'Match Log'!$A$4:$A$1510,'Match Log'!$D$4:$D$1510,$A13,'Match Log'!$E$4:$E$1510,"Loss")))))
